Breeding_season,Nest_box_ID,Female_ID ,Female_cohort,Female_age,First_egg_lay_date,Lay_av_temp_celcius,Clutch_size,Inc_start_date,Laying_gap,Hatch_date,Inc_period_length_days,Obs_date,Obs_bout_time,Inc_day,Total_obs_duration_minutes,Bout_type_on_off,Bout_duration_seconds,Obs_Niwa_daily_av_ambient_temp_celcius,Lay_date_av_temp
2019/2020,AB/3,CP13045,2018/2019,1,10/11/2019,17.61817244,4,13/11/2019,0,29/11/2019,16,27/11/2019,09:05:57,14,81.01666667,off,522,17.28785701,17.61817244
2019/2020,AB/3,CP13045,2018/2019,1,10/11/2019,17.61817244,4,13/11/2019,0,29/11/2019,16,27/11/2019,09:14:39,14,81.01666667,off,512,17.28785701,17.61817244
2019/2020,AB/3,CP13045,2018/2019,1,10/11/2019,17.61817244,4,13/11/2019,0,29/11/2019,16,27/11/2019,09:23:11,14,81.01666667,on,282,17.28785701,17.61817244
2019/2020,AB/3,CP13045,2018/2019,1,10/11/2019,17.61817244,4,13/11/2019,0,29/11/2019,16,27/11/2019,09:27:53,14,81.01666667,off,248,17.28785701,17.61817244
2019/2020,AB/3,CP13045,2018/2019,1,10/11/2019,17.61817244,4,13/11/2019,0,29/11/2019,16,27/11/2019,09:32:01,14,81.01666667,on,271,17.28785701,17.61817244
2019/2020,AB/3,CP13045,2018/2019,1,10/11/2019,17.61817244,4,13/11/2019,0,29/11/2019,16,27/11/2019,09:36:32,14,81.01666667,off,221,17.28785701,17.61817244
2019/2020,AB/3,CP13045,2018/2019,1,10/11/2019,17.61817244,4,13/11/2019,0,29/11/2019,16,27/11/2019,09:40:13,14,81.01666667,on,180,17.28785701,17.61817244
2019/2020,AB/3,CP13045,2018/2019,1,10/11/2019,17.61817244,4,13/11/2019,0,29/11/2019,16,27/11/2019,09:43:13,14,81.01666667,off,367,17.28785701,17.61817244
2019/2020,AB/3,CP13045,2018/2019,1,10/11/2019,17.61817244,4,13/11/2019,0,29/11/2019,16,27/11/2019,09:49:20,14,81.01666667,on,237,17.28785701,17.61817244
2019/2020,AB/3,CP13045,2018/2019,1,10/11/2019,17.61817244,4,13/11/2019,0,29/11/2019,16,27/11/2019,09:53:17,14,81.01666667,off,284,17.28785701,17.61817244
2019/2020,AB/3,CP13045,2018/2019,1,10/11/2019,17.61817244,4,13/11/2019,0,29/11/2019,16,27/11/2019,09:58:01,14,81.01666667,on,267,17.28785701,17.61817244
2019/2020,AB/3,CP13045,2018/2019,1,10/11/2019,17.61817244,4,13/11/2019,0,29/11/2019,16,27/11/2019,10:02:28,14,81.01666667,off,208,17.28785701,17.61817244
2019/2020,AB/3,CP13045,2018/2019,1,10/11/2019,17.61817244,4,13/11/2019,0,29/11/2019,16,27/11/2019,10:05:56,14,81.01666667,on,260,17.28785701,17.61817244
2019/2020,AB/3,CP13045,2018/2019,1,10/11/2019,17.61817244,4,13/11/2019,0,29/11/2019,16,27/11/2019,10:10:16,14,81.01666667,off,301,17.28785701,17.61817244
2019/2020,AB/3,CP13045,2018/2019,1,10/11/2019,17.61817244,4,13/11/2019,0,29/11/2019,16,27/11/2019,10:15:17,14,81.01666667,on,44,17.28785701,17.61817244
2019/2020,AB/3,CP13045,2018/2019,1,10/11/2019,17.61817244,4,13/11/2019,0,29/11/2019,16,27/11/2019,10:16:01,14,81.01666667,off,36,17.28785701,17.61817244
2019/2020,AB/3,CP13045,2018/2019,1,10/11/2019,17.61817244,4,13/11/2019,0,29/11/2019,16,27/11/2019,10:16:37,14,81.01666667,on,234,17.28785701,17.61817244
2019/2020,AB/3,CP13045,2018/2019,1,10/11/2019,17.61817244,4,13/11/2019,0,29/11/2019,16,27/11/2019,10:20:31,14,81.01666667,off,387,17.28785701,17.61817244
2019/2020,AB/3,CP13045,2018/2019,1,10/11/2019,17.61817244,4,13/11/2019,0,29/11/2019,16,27/11/2019,10:26:58,14,81.01666667,on,N/A,17.28785701,17.61817244
2019/2020,AB/3,CP13045,2018/2019,1,10/11/2019,17.61817244,4,13/11/2019,0,29/11/2019,16,20/11/2019,10:24:44,7,63,off,272,13.51665639,17.61817244
2019/2020,AB/3,CP13045,2018/2019,1,10/11/2019,17.61817244,4,13/11/2019,0,29/11/2019,16,20/11/2019,10:29:16,7,63,on,402,13.51665639,17.61817244
2019/2020,AB/3,CP13045,2018/2019,1,10/11/2019,17.61817244,4,13/11/2019,0,29/11/2019,16,20/11/2019,10:35:58,7,63,off,N/A,13.51665639,17.61817244
2019/2020,AB/3,CP13045,2018/2019,1,10/11/2019,17.61817244,4,13/11/2019,0,29/11/2019,16,27/11/2019,08:03:40,14,81.01666667,off,344,17.28785701,17.61817244
2019/2020,AB/3,CP13045,2018/2019,1,10/11/2019,17.61817244,4,13/11/2019,0,29/11/2019,16,27/11/2019,08:09:24,14,81.01666667,on,437,17.28785701,17.61817244
2019/2020,AB/3,CP13045,2018/2019,1,10/11/2019,17.61817244,4,13/11/2019,0,29/11/2019,16,27/11/2019,08:16:41,14,81.01666667,off,279,17.28785701,17.61817244
2019/2020,AB/3,CP13045,2018/2019,1,10/11/2019,17.61817244,4,13/11/2019,0,29/11/2019,16,27/11/2019,08:21:20,14,81.01666667,on,151,17.28785701,17.61817244
2019/2020,AB/3,CP13045,2018/2019,1,10/11/2019,17.61817244,4,13/11/2019,0,29/11/2019,16,27/11/2019,08:23:51,14,81.01666667,off,230,17.28785701,17.61817244
2019/2020,AB/3,CP13045,2018/2019,1,10/11/2019,17.61817244,4,13/11/2019,0,29/11/2019,16,27/11/2019,08:27:41,14,81.01666667,on,167,17.28785701,17.61817244
2019/2020,AB/3,CP13045,2018/2019,1,10/11/2019,17.61817244,4,13/11/2019,0,29/11/2019,16,27/11/2019,08:30:28,14,81.01666667,off,194,17.28785701,17.61817244
2019/2020,AB/3,CP13045,2018/2019,1,10/11/2019,17.61817244,4,13/11/2019,0,29/11/2019,16,27/11/2019,08:33:42,14,81.01666667,on,215,17.28785701,17.61817244
2019/2020,AB/3,CP13045,2018/2019,1,10/11/2019,17.61817244,4,13/11/2019,0,29/11/2019,16,27/11/2019,08:37:17,14,81.01666667,off,132,17.28785701,17.61817244
2019/2020,AB/3,CP13045,2018/2019,1,10/11/2019,17.61817244,4,13/11/2019,0,29/11/2019,16,27/11/2019,08:39:29,14,81.01666667,on,157,17.28785701,17.61817244
2019/2020,AB/3,CP13045,2018/2019,1,10/11/2019,17.61817244,4,13/11/2019,0,29/11/2019,16,27/11/2019,08:42:06,14,81.01666667,off,759,17.28785701,17.61817244
2019/2020,AB/3,CP13045,2018/2019,1,10/11/2019,17.61817244,4,13/11/2019,0,29/11/2019,16,27/11/2019,08:54:45,14,81.01666667,off,N/A,17.28785701,17.61817244
2019/2020,B1/11,CP11845,2016/2017,3,05/11/2019,16.12916613,4,09/11/2019,1,23/11/2019,14,10/11/2019,15:01:26,1,69,off,288,17.61817244,16.12916613
2019/2020,B1/11,CP11845,2016/2017,3,05/11/2019,16.12916613,4,09/11/2019,1,23/11/2019,14,10/11/2019,15:06:14,1,69,on,1854,17.61817244,16.12916613
2019/2020,B1/11,CP11845,2016/2017,3,05/11/2019,16.12916613,4,09/11/2019,1,23/11/2019,14,10/11/2019,15:37:08,1,69,off,175,17.61817244,16.12916613
2019/2020,B1/11,CP11845,2016/2017,3,05/11/2019,16.12916613,4,09/11/2019,1,23/11/2019,14,10/11/2019,15:40:03,1,69,on,467,17.61817244,16.12916613
2019/2020,B1/11,CP11845,2016/2017,3,05/11/2019,16.12916613,4,09/11/2019,1,23/11/2019,14,10/11/2019,15:47:50,1,69,off,331,17.61817244,16.12916613
2019/2020,B1/11,CP11845,2016/2017,3,05/11/2019,16.12916613,4,09/11/2019,1,23/11/2019,14,10/11/2019,15:53:21,1,69,on,N/A,17.61817244,16.12916613
2019/2020,B1/11,CP11845,2016/2017,3,05/11/2019,16.12916613,4,09/11/2019,1,23/11/2019,14,18/11/2019,12:23:32,7,60,off,330,16.81427965,16.12916613
2019/2020,B1/11,CP11845,2016/2017,3,05/11/2019,16.12916613,4,09/11/2019,1,23/11/2019,14,18/11/2019,12:29:02,7,60,on,1341,16.81427965,16.12916613
2019/2020,B1/11,CP11845,2016/2017,3,05/11/2019,16.12916613,4,09/11/2019,1,23/11/2019,14,18/11/2019,12:51:23,7,60,off,352,16.81427965,16.12916613
2019/2020,B1/11,CP11845,2016/2017,3,05/11/2019,16.12916613,4,09/11/2019,1,23/11/2019,14,18/11/2019,12:57:15,7,60,on,N/A,16.81427965,16.12916613
2019/2020,B1/11,CP11845,2016/2017,3,05/11/2019,16.12916613,4,09/11/2019,1,23/11/2019,14,22/11/2019,11:21:06,13,65,off,350,14.40416606,16.12916613
2019/2020,B1/11,CP11845,2016/2017,3,05/11/2019,16.12916613,4,09/11/2019,1,23/11/2019,14,22/11/2019,11:26:56,13,65,on,544,14.40416606,16.12916613
2019/2020,B1/11,CP11845,2016/2017,3,05/11/2019,16.12916613,4,09/11/2019,1,23/11/2019,14,22/11/2019,11:36:00,13,65,off,284,14.40416606,16.12916613
2019/2020,B1/11,CP11845,2016/2017,3,05/11/2019,16.12916613,4,09/11/2019,1,23/11/2019,14,22/11/2019,11:40:44,13,65,on,293,14.40416606,16.12916613
2019/2020,B1/11,CP11845,2016/2017,3,05/11/2019,16.12916613,4,09/11/2019,1,23/11/2019,14,22/11/2019,11:45:37,13,65,off,380,14.40416606,16.12916613
2019/2020,B1/11,CP11845,2016/2017,3,05/11/2019,16.12916613,4,09/11/2019,1,23/11/2019,14,22/11/2019,11:51:57,13,65,on,878,14.40416606,16.12916613
2019/2020,B1/11,CP11845,2016/2017,3,05/11/2019,16.12916613,4,09/11/2019,1,23/11/2019,14,22/11/2019,12:06:35,13,65,off,221,14.40416606,16.12916613
2019/2020,B1/11,CP11845,2016/2017,3,05/11/2019,16.12916613,4,09/11/2019,1,23/11/2019,14,22/11/2019,12:10:16,13,65,on,N/A,14.40416606,16.12916613
2019/2020,B1/13B,CP13077,2018/2019,1,01/11/2019,14.03210604,4,04/11/2019,0,19/11/2019,15,04/11/2019,13:55:00,2,24.46666667,on,1140,15.4,14.03210604
2019/2020,B1/13B,CP13077,2018/2019,1,01/11/2019,14.03210604,4,04/11/2019,0,19/11/2019,15,04/11/2019,14:14:00,2,24.46666667,off,120,15.4,14.03210604
2019/2020,B1/13B,CP13077,2018/2019,1,01/11/2019,14.03210604,4,04/11/2019,0,19/11/2019,15,04/11/2019,14:16:00,2,24.46666667,on,160,15.4,14.03210604
2019/2020,B1/13B,CP13077,2018/2019,1,01/11/2019,14.03210604,4,04/11/2019,0,19/11/2019,15,04/11/2019,14:18:40,2,24.46666667,off,48,15.4,14.03210604
2019/2020,B1/13B,CP13077,2018/2019,1,01/11/2019,14.03210604,4,04/11/2019,0,19/11/2019,15,04/11/2019,14:19:28,2,24.46666667,on,N/A,15.4,14.03210604
2019/2020,B1/13B,CP13077,2018/2019,1,01/11/2019,14.03210604,4,04/11/2019,0,19/11/2019,15,05/11/2019,13:56:20,3,113.8333333,off,370,16.12916613,14.03210604
2019/2020,B1/13B,CP13077,2018/2019,1,01/11/2019,14.03210604,4,04/11/2019,0,19/11/2019,15,05/11/2019,14:02:30,3,113.8333333,on,580,16.12916613,14.03210604
2019/2020,B1/13B,CP13077,2018/2019,1,01/11/2019,14.03210604,4,04/11/2019,0,19/11/2019,15,05/11/2019,14:12:10,3,113.8333333,off,228,16.12916613,14.03210604
2019/2020,B1/13B,CP13077,2018/2019,1,01/11/2019,14.03210604,4,04/11/2019,0,19/11/2019,15,05/11/2019,14:15:58,3,113.8333333,on,439,16.12916613,14.03210604
2019/2020,B1/13B,CP13077,2018/2019,1,01/11/2019,14.03210604,4,04/11/2019,0,19/11/2019,15,05/11/2019,14:23:17,3,113.8333333,off,55,16.12916613,14.03210604
2019/2020,B1/13B,CP13077,2018/2019,1,01/11/2019,14.03210604,4,04/11/2019,0,19/11/2019,15,05/11/2019,14:24:12,3,113.8333333,on,78,16.12916613,14.03210604
2019/2020,B1/13B,CP13077,2018/2019,1,01/11/2019,14.03210604,4,04/11/2019,0,19/11/2019,15,05/11/2019,14:25:30,3,113.8333333,off,280,16.12916613,14.03210604
2019/2020,B1/13B,CP13077,2018/2019,1,01/11/2019,14.03210604,4,04/11/2019,0,19/11/2019,15,05/11/2019,14:30:10,3,113.8333333,on,N/A,16.12916613,14.03210604
2019/2020,B1/13B,CP13077,2018/2019,1,01/11/2019,14.03210604,4,04/11/2019,0,19/11/2019,15,17/11/2019,13:29:00,13,160.4166667,off,420,15.76832268,14.03210604
2019/2020,B1/13B,CP13077,2018/2019,1,01/11/2019,14.03210604,4,04/11/2019,0,19/11/2019,15,17/11/2019,13:36:00,13,160.4166667,on,5460,15.76832268,14.03210604
2019/2020,B1/13B,CP13077,2018/2019,1,01/11/2019,14.03210604,4,04/11/2019,0,19/11/2019,15,17/11/2019,15:07:00,13,160.4166667,off,360,15.76832268,14.03210604
2019/2020,B1/13B,CP13077,2018/2019,1,01/11/2019,14.03210604,4,04/11/2019,0,19/11/2019,15,17/11/2019,15:13:00,13,160.4166667,on,540,15.76832268,14.03210604
2019/2020,B1/13B,CP13077,2018/2019,1,01/11/2019,14.03210604,4,04/11/2019,0,19/11/2019,15,17/11/2019,15:22:00,13,160.4166667,off,190,15.76832268,14.03210604
2019/2020,B1/13B,CP13077,2018/2019,1,01/11/2019,14.03210604,4,04/11/2019,0,19/11/2019,15,17/11/2019,15:25:10,13,160.4166667,on,400,15.76832268,14.03210604
2019/2020,B1/13B,CP13077,2018/2019,1,01/11/2019,14.03210604,4,04/11/2019,0,19/11/2019,15,17/11/2019,15:31:50,13,160.4166667,off,369,15.76832268,14.03210604
2019/2020,B1/13B,CP13077,2018/2019,1,01/11/2019,14.03210604,4,04/11/2019,0,19/11/2019,15,17/11/2019,15:37:59,13,160.4166667,on,1321,15.76832268,14.03210604
2019/2020,B1/13B,CP13077,2018/2019,1,01/11/2019,14.03210604,4,04/11/2019,0,19/11/2019,15,17/11/2019,16:00:00,13,160.4166667,off,565,15.76832268,14.03210604
2019/2020,B1/13B,CP13077,2018/2019,1,01/11/2019,14.03210604,4,04/11/2019,0,19/11/2019,15,17/11/2019,16:09:25,13,160.4166667,on,N/A,15.76832268,14.03210604
2019/2020,B1/19,CP12997,2017/2018,2,09/11/2019,17.76429002,4,13/11/2019,1,27/11/2019,14,26/11/2019,11:31:14,13,65,off,359,16.66493324,17.76429002
2019/2020,B1/19,CP12997,2017/2018,2,09/11/2019,17.76429002,4,13/11/2019,1,27/11/2019,14,26/11/2019,11:37:13,13,65,on,N/A,16.66493324,17.76429002
2019/2020,B1/2,CP13553,2018/2019,1,21/11/2019,16.25176913,4,24/11/2019,0,09/12/2019,15,25/11/2019,13:01:00,1,67.28333333,off,469,16.72542974,16.25176913
2019/2020,B1/2,CP13553,2018/2019,1,21/11/2019,16.25176913,4,24/11/2019,0,09/12/2019,15,25/11/2019,13:08:49,1,67.28333333,on,871,16.72542974,16.25176913
2019/2020,B1/2,CP13553,2018/2019,1,21/11/2019,16.25176913,4,24/11/2019,0,09/12/2019,15,25/11/2019,13:23:20,1,67.28333333,off,105,16.72542974,16.25176913
2019/2020,B1/2,CP13553,2018/2019,1,21/11/2019,16.25176913,4,24/11/2019,0,09/12/2019,15,25/11/2019,13:25:05,1,67.28333333,on,365,16.72542974,16.25176913
2019/2020,B1/2,CP13553,2018/2019,1,21/11/2019,16.25176913,4,24/11/2019,0,09/12/2019,15,25/11/2019,13:31:10,1,67.28333333,on,1659,16.72542974,16.25176913
2019/2020,B1/2,CP13553,2018/2019,1,21/11/2019,16.25176913,4,24/11/2019,0,09/12/2019,15,25/11/2019,13:58:49,1,67.28333333,off,128,16.72542974,16.25176913
2019/2020,B1/2,CP13553,2018/2019,1,21/11/2019,16.25176913,4,24/11/2019,0,09/12/2019,15,25/11/2019,14:00:57,1,67.28333333,on,80,16.72542974,16.25176913
2019/2020,B1/2,CP13553,2018/2019,1,21/11/2019,16.25176913,4,24/11/2019,0,09/12/2019,15,25/11/2019,14:02:17,1,67.28333333,off,N/A,16.72542974,16.25176913
2019/2020,B1/2,CP13553,2018/2019,1,21/11/2019,16.25176913,4,24/11/2019,0,09/12/2019,15,06/12/2019,14:11:00,13,60,on,1084,17.76485294,16.25176913
2019/2020,B1/2,CP13553,2018/2019,1,21/11/2019,16.25176913,4,24/11/2019,0,09/12/2019,15,06/12/2019,14:29:04,13,60,off,156,17.76485294,16.25176913
2019/2020,B1/2,CP13553,2018/2019,1,21/11/2019,16.25176913,4,24/11/2019,0,09/12/2019,15,06/12/2019,14:31:40,13,60,on,68,17.76485294,16.25176913
2019/2020,B1/2,CP13553,2018/2019,1,21/11/2019,16.25176913,4,24/11/2019,0,09/12/2019,15,06/12/2019,14:32:48,13,60,off,40,17.76485294,16.25176913
2019/2020,B1/2,CP13553,2018/2019,1,21/11/2019,16.25176913,4,24/11/2019,0,09/12/2019,15,06/12/2019,14:33:28,13,60,on,241,17.76485294,16.25176913
2019/2020,B1/2,CP13553,2018/2019,1,21/11/2019,16.25176913,4,24/11/2019,0,09/12/2019,15,06/12/2019,14:37:29,13,60,off,120,17.76485294,16.25176913
2019/2020,B1/2,CP13553,2018/2019,1,21/11/2019,16.25176913,4,24/11/2019,0,09/12/2019,15,06/12/2019,14:39:29,13,60,on,522,17.76485294,16.25176913
2019/2020,B1/2,CP13553,2018/2019,1,21/11/2019,16.25176913,4,24/11/2019,0,09/12/2019,15,06/12/2019,14:48:11,13,60,off,528,17.76485294,16.25176913
2019/2020,B1/2,CP13553,2018/2019,1,21/11/2019,16.25176913,4,24/11/2019,0,09/12/2019,15,06/12/2019,14:56:59,13,60,on,123,17.76485294,16.25176913
2019/2020,B1/2,CP13553,2018/2019,1,21/11/2019,16.25176913,4,24/11/2019,0,09/12/2019,15,06/12/2019,14:59:02,13,60,off,142,17.76485294,16.25176913
2019/2020,B1/2,CP13553,2018/2019,1,21/11/2019,16.25176913,4,24/11/2019,0,09/12/2019,15,06/12/2019,15:01:24,13,60,on,183,17.76485294,16.25176913
2019/2020,B1/2,CP13553,2018/2019,1,21/11/2019,16.25176913,4,24/11/2019,0,09/12/2019,15,06/12/2019,15:04:27,13,60,off,286,17.76485294,16.25176913
2019/2020,B1/2,CP13553,2018/2019,1,21/11/2019,16.25176913,4,24/11/2019,0,09/12/2019,15,06/12/2019,15:09:13,13,60,on,N/A,17.76485294,16.25176913
2019/2020,B1/24,CP13020,2017/2018,2,03/12/2019,18.24499931,3,05/12/2019,0,20/12/2019,15,06/12/2019,15:43:16,1,77,on,381,17.76485294,18.24499931
2019/2020,B1/24,CP13020,2017/2018,2,03/12/2019,18.24499931,3,05/12/2019,0,20/12/2019,15,06/12/2019,15:49:37,1,77,off,434,17.76485294,18.24499931
2019/2020,B1/24,CP13020,2017/2018,2,03/12/2019,18.24499931,3,05/12/2019,0,20/12/2019,15,06/12/2019,15:56:51,1,77,on,940,17.76485294,18.24499931
2019/2020,B1/24,CP13020,2017/2018,2,03/12/2019,18.24499931,3,05/12/2019,0,20/12/2019,15,06/12/2019,16:12:31,1,77,off,262,17.76485294,18.24499931
2019/2020,B1/24,CP13020,2017/2018,2,03/12/2019,18.24499931,3,05/12/2019,0,20/12/2019,15,06/12/2019,16:16:53,1,77,on,454,17.76485294,18.24499931
2019/2020,B1/24,CP13020,2017/2018,2,03/12/2019,18.24499931,3,05/12/2019,0,20/12/2019,15,06/12/2019,16:24:27,1,77,off,258,17.76485294,18.24499931
2019/2020,B1/24,CP13020,2017/2018,2,03/12/2019,18.24499931,3,05/12/2019,0,20/12/2019,15,06/12/2019,16:28:45,1,77,on,367,17.76485294,18.24499931
2019/2020,B1/24,CP13020,2017/2018,2,03/12/2019,18.24499931,3,05/12/2019,0,20/12/2019,15,06/12/2019,16:34:52,1,77,off,325,17.76485294,18.24499931
2019/2020,B1/24,CP13020,2017/2018,2,03/12/2019,18.24499931,3,05/12/2019,0,20/12/2019,15,06/12/2019,16:40:17,1,77,on,N/A,17.76485294,18.24499931
2019/2020,B1/26,CP9222,2015/2016,4,27/10/2019,13.69233362,4,30/10/2019,0,N/A,N/A,02/11/2019,13:14:00,3,99,on,1200,13.65576801,13.69233362
2019/2020,B1/26,CP9222,2015/2016,4,27/10/2019,13.69233362,4,30/10/2019,0,N/A,N/A,02/11/2019,13:34:00,3,99,off,300,13.65576801,13.69233362
2019/2020,B1/26,CP9222,2015/2016,4,27/10/2019,13.69233362,4,30/10/2019,0,N/A,N/A,02/11/2019,13:39:00,3,99,on,1380,13.65576801,13.69233362
2019/2020,B1/26,CP9222,2015/2016,4,27/10/2019,13.69233362,4,30/10/2019,0,N/A,N/A,02/11/2019,14:02:00,3,99,off,360,13.65576801,13.69233362
2019/2020,B1/26,CP9222,2015/2016,4,27/10/2019,13.69233362,4,30/10/2019,0,N/A,N/A,02/11/2019,14:08:00,3,99,on,720,13.65576801,13.69233362
2019/2020,B1/26,CP9222,2015/2016,4,27/10/2019,13.69233362,4,30/10/2019,0,N/A,N/A,02/11/2019,14:20:00,3,99,off,420,13.65576801,13.69233362
2019/2020,B1/26,CP9222,2015/2016,4,27/10/2019,13.69233362,4,30/10/2019,0,N/A,N/A,02/11/2019,14:27:00,3,99,on,1260,13.65576801,13.69233362
2019/2020,B1/26,CP9222,2015/2016,4,27/10/2019,13.69233362,4,30/10/2019,0,N/A,N/A,02/11/2019,14:48:00,3,99,off,300,13.65576801,13.69233362
2019/2020,B1/26,CP9222,2015/2016,4,27/10/2019,13.69233362,4,30/10/2019,0,N/A,N/A,02/11/2019,14:53:00,3,99,off,N/A,13.65576801,13.69233362
2019/2020,B1/27B,CP8115,2014/2015,5,03/11/2019,14.41943133,4,06/11/2019,0,21/11/2019,15,07/11/2019,16:59:00,2,47.85,off,60,17.67597239,14.41943133
2019/2020,B1/27B,CP8115,2014/2015,5,03/11/2019,14.41943133,4,06/11/2019,0,21/11/2019,15,07/11/2019,17:00:00,2,47.85,on,1771,17.67597239,14.41943133
2019/2020,B1/27B,CP8115,2014/2015,5,03/11/2019,14.41943133,4,06/11/2019,0,21/11/2019,15,07/11/2019,17:29:31,2,47.85,off,1040,17.67597239,14.41943133
2019/2020,B1/27B,CP8115,2014/2015,5,03/11/2019,14.41943133,4,06/11/2019,0,21/11/2019,15,07/11/2019,17:46:51,2,47.85,on,N/A,17.67597239,14.41943133
2019/2020,B1/27B,CP8115,2014/2015,5,03/11/2019,14.41943133,4,06/11/2019,0,21/11/2019,15,07/11/2019,17:00:00,1,47.85,on,1771,17.67597239,14.41943133
2019/2020,B1/27B,CP8115,2014/2015,5,03/11/2019,14.41943133,4,06/11/2019,0,21/11/2019,15,07/11/2019,17:29:31,1,47.85,off,1040,17.67597239,14.41943133
2019/2020,B1/27B,CP8115,2014/2015,5,03/11/2019,14.41943133,4,06/11/2019,0,21/11/2019,15,07/11/2019,17:46:51,1,47.85,on,N/A,17.67597239,14.41943133
2019/2020,B1/27B,CP8115,2014/2015,5,03/11/2019,14.41943133,4,06/11/2019,0,21/11/2019,15,08/11/2019,16:30:33,2,47.85,on,610,16.73678583,14.41943133
2019/2020,B1/27B,CP8115,2014/2015,5,03/11/2019,14.41943133,4,06/11/2019,0,21/11/2019,15,08/11/2019,16:40:43,2,47.85,off,391,16.73678583,14.41943133
2019/2020,B1/27B,CP8115,2014/2015,5,03/11/2019,14.41943133,4,06/11/2019,0,21/11/2019,15,08/11/2019,16:47:14,2,47.85,on,1757,16.73678583,14.41943133
2019/2020,B1/27B,CP8115,2014/2015,5,03/11/2019,14.41943133,4,06/11/2019,0,21/11/2019,15,08/11/2019,17:16:31,2,47.85,off,431,16.73678583,14.41943133
2019/2020,B1/27B,CP8115,2014/2015,5,03/11/2019,14.41943133,4,06/11/2019,0,21/11/2019,15,08/11/2019,17:23:42,2,47.85,on,1625,16.73678583,14.41943133
2019/2020,B1/27B,CP8115,2014/2015,5,03/11/2019,14.41943133,4,06/11/2019,0,21/11/2019,15,08/11/2019,17:50:47,2,47.85,off,454,16.73678583,14.41943133
2019/2020,B1/27B,CP8115,2014/2015,5,03/11/2019,14.41943133,4,06/11/2019,0,21/11/2019,15,08/11/2019,17:58:21,2,47.85,on,N/A,16.73678583,14.41943133
2019/2020,B1/27B,CP8115,2014/2015,5,03/11/2019,14.41943133,4,06/11/2019,0,21/11/2019,15,13/11/2019,17:25:52,7,65,off,281,11.94487338,14.41943133
2019/2020,B1/27B,CP8115,2014/2015,5,03/11/2019,14.41943133,4,06/11/2019,0,21/11/2019,15,13/11/2019,17:30:33,7,65,on,2007,11.94487338,14.41943133
2019/2020,B1/27B,CP8115,2014/2015,5,03/11/2019,14.41943133,4,06/11/2019,0,21/11/2019,15,13/11/2019,18:04:00,7,65,off,N/A,11.94487338,14.41943133
2019/2020,B1/27B,CP8115,2014/2015,5,03/11/2019,14.41943133,4,06/11/2019,0,21/11/2019,15,19/11/2019,11:41:31,13,60,on,1871,14.97497913,14.41943133
2019/2020,B1/27B,CP8115,2014/2015,5,03/11/2019,14.41943133,4,06/11/2019,0,21/11/2019,15,19/11/2019,12:12:42,13,60,off,348,14.97497913,14.41943133
2019/2020,B1/27B,CP8115,2014/2015,5,03/11/2019,14.41943133,4,06/11/2019,0,21/11/2019,15,19/11/2019,12:18:30,13,60,on,880,14.97497913,14.41943133
2019/2020,B1/27B,CP8115,2014/2015,5,03/11/2019,14.41943133,4,06/11/2019,0,21/11/2019,15,19/11/2019,12:33:10,13,60,off,40,14.97497913,14.41943133
2019/2020,B1/27B,CP8115,2014/2015,5,03/11/2019,14.41943133,4,06/11/2019,0,21/11/2019,15,19/11/2019,12:33:50,13,60,on,N/A,14.97497913,14.41943133
2019/2020,B1/28,CP13510,2018/2019,1,23/11/2019,15.55377768,3,25/11/2019,0,10/12/2019,15,27/11/2019,15:35:40,1,62,off,349,17.28785701,15.55377768
2019/2020,B1/28,CP13510,2018/2019,1,23/11/2019,15.55377768,3,25/11/2019,0,10/12/2019,15,27/11/2019,15:41:29,1,62,on,273,17.28785701,15.55377768
2019/2020,B1/28,CP13510,2018/2019,1,23/11/2019,15.55377768,3,25/11/2019,0,10/12/2019,15,27/11/2019,15:46:02,1,62,off,N/A,17.28785701,15.55377768
2019/2020,B1/28,CP13510,2018/2019,1,23/11/2019,15.55377768,3,25/11/2019,0,10/12/2019,15,01/12/2019,14:49:37,7,65,off,242,18.18570867,15.55377768
2019/2020,B1/28,CP13510,2018/2019,1,23/11/2019,15.55377768,3,25/11/2019,0,10/12/2019,15,01/12/2019,14:53:39,7,65,on,2299,18.18570867,15.55377768
2019/2020,B1/28,CP13510,2018/2019,1,23/11/2019,15.55377768,3,25/11/2019,0,10/12/2019,15,01/12/2019,15:31:58,7,65,off,430,18.18570867,15.55377768
2019/2020,B1/28,CP13510,2018/2019,1,23/11/2019,15.55377768,3,25/11/2019,0,10/12/2019,15,01/12/2019,15:39:08,7,65,on,N/A,18.18570867,15.55377768
2019/2020,B1/28,CP13510,2018/2019,1,23/11/2019,15.55377768,3,25/11/2019,0,10/12/2019,15,07/12/2019,11:18:08,13,60,off,489,18.18735825,15.55377768
2019/2020,B1/28,CP13510,2018/2019,1,23/11/2019,15.55377768,3,25/11/2019,0,10/12/2019,15,07/12/2019,11:26:17,13,60,on,486,18.18735825,15.55377768
2019/2020,B1/28,CP13510,2018/2019,1,23/11/2019,15.55377768,3,25/11/2019,0,10/12/2019,15,07/12/2019,11:34:23,13,60,off,490,18.18735825,15.55377768
2019/2020,B1/28,CP13510,2018/2019,1,23/11/2019,15.55377768,3,25/11/2019,0,10/12/2019,15,07/12/2019,11:42:33,13,60,on,N/A,18.18735825,15.55377768
2019/2020,B1/9,CP13444,2018/2019,1,01/11/2019,14.03210604,4,04/11/2019,0,19/11/2019,15,05/11/2019,14:35:00,2,66,on,570,16.12916613,14.03210604
2019/2020,B1/9,CP13444,2018/2019,1,01/11/2019,14.03210604,4,04/11/2019,0,19/11/2019,15,05/11/2019,14:44:30,2,66,off,300,16.12916613,14.03210604
2019/2020,B1/9,CP13444,2018/2019,1,01/11/2019,14.03210604,4,04/11/2019,0,19/11/2019,15,05/11/2019,14:49:30,2,66,on,550,16.12916613,14.03210604
2019/2020,B1/9,CP13444,2018/2019,1,01/11/2019,14.03210604,4,04/11/2019,0,19/11/2019,15,05/11/2019,14:58:40,2,66,off,309,16.12916613,14.03210604
2019/2020,B1/9,CP13444,2018/2019,1,01/11/2019,14.03210604,4,04/11/2019,0,19/11/2019,15,05/11/2019,15:03:49,2,66,on,517,16.12916613,14.03210604
2019/2020,B1/9,CP13444,2018/2019,1,01/11/2019,14.03210604,4,04/11/2019,0,19/11/2019,15,05/11/2019,15:12:26,2,66,off,232,16.12916613,14.03210604
2019/2020,B1/9,CP13444,2018/2019,1,01/11/2019,14.03210604,4,04/11/2019,0,19/11/2019,15,05/11/2019,15:16:18,2,66,on,422,16.12916613,14.03210604
2019/2020,B1/9,CP13444,2018/2019,1,01/11/2019,14.03210604,4,04/11/2019,0,19/11/2019,15,05/11/2019,15:23:20,2,66,off,230,16.12916613,14.03210604
2019/2020,B1/9,CP13444,2018/2019,1,01/11/2019,14.03210604,4,04/11/2019,0,19/11/2019,15,05/11/2019,15:27:10,2,66,on,310,16.12916613,14.03210604
2019/2020,B1/9,CP13444,2018/2019,1,01/11/2019,14.03210604,4,04/11/2019,0,19/11/2019,15,05/11/2019,15:32:20,2,66,off,140,16.12916613,14.03210604
2019/2020,B1/9,CP13444,2018/2019,1,01/11/2019,14.03210604,4,04/11/2019,0,19/11/2019,15,05/11/2019,15:34:40,2,66,on,178,16.12916613,14.03210604
2019/2020,B1/9,CP13444,2018/2019,1,01/11/2019,14.03210604,4,04/11/2019,0,19/11/2019,15,05/11/2019,15:37:38,2,66,off,202,16.12916613,14.03210604
2019/2020,B1/9,CP13444,2018/2019,1,01/11/2019,14.03210604,4,04/11/2019,0,19/11/2019,15,05/11/2019,15:41:00,2,66,on,N/A,16.12916613,14.03210604
2019/2020,B1/9,CP13444,2018/2019,1,01/11/2019,14.03210604,4,04/11/2019,0,19/11/2019,15,17/11/2019,16:42:40,13,58,off,353,15.76832268,14.03210604
2019/2020,B1/9,CP13444,2018/2019,1,01/11/2019,14.03210604,4,04/11/2019,0,19/11/2019,15,17/11/2019,16:48:33,13,58,on,802,15.76832268,14.03210604
2019/2020,B1/9,CP13444,2018/2019,1,01/11/2019,14.03210604,4,04/11/2019,0,19/11/2019,15,17/11/2019,17:01:55,13,58,off,377,15.76832268,14.03210604
2019/2020,B1/9,CP13444,2018/2019,1,01/11/2019,14.03210604,4,04/11/2019,0,19/11/2019,15,17/11/2019,17:08:12,13,58,on,390,15.76832268,14.03210604
2019/2020,B1/9,CP13444,2018/2019,1,01/11/2019,14.03210604,4,04/11/2019,0,19/11/2019,15,17/11/2019,17:14:42,13,58,off,247,15.76832268,14.03210604
2019/2020,B1/9,CP13444,2018/2019,1,01/11/2019,14.03210604,4,04/11/2019,0,19/11/2019,15,17/11/2019,17:18:49,13,58,on,363,15.76832268,14.03210604
2019/2020,B1/9,CP13444,2018/2019,1,01/11/2019,14.03210604,4,04/11/2019,0,19/11/2019,15,17/11/2019,17:24:52,13,58,off,346,15.76832268,14.03210604
2019/2020,B1/9,CP13444,2018/2019,1,01/11/2019,14.03210604,4,04/11/2019,0,19/11/2019,15,17/11/2019,17:30:38,13,58,on,N/A,15.76832268,14.03210604
2019/2020,B2/11,CP13502,2018/2019,1,08/11/2019,16.73678583,4,11/11/2019,0,26/11/2019,15,12/11/2019,13:07:01,1,64,off,209,14.34224529,16.73678583
2019/2020,B2/11,CP13502,2018/2019,1,08/11/2019,16.73678583,4,11/11/2019,0,26/11/2019,15,12/11/2019,13:10:30,1,64,on,1006,14.34224529,16.73678583
2019/2020,B2/11,CP13502,2018/2019,1,08/11/2019,16.73678583,4,11/11/2019,0,26/11/2019,15,12/11/2019,13:27:16,1,64,off,1122,14.34224529,16.73678583
2019/2020,B2/11,CP13502,2018/2019,1,08/11/2019,16.73678583,4,11/11/2019,0,26/11/2019,15,12/11/2019,13:45:58,1,64,off,63,14.34224529,16.73678583
2019/2020,B2/11,CP13502,2018/2019,1,08/11/2019,16.73678583,4,11/11/2019,0,26/11/2019,15,12/11/2019,13:47:01,1,64,on,387,14.34224529,16.73678583
2019/2020,B2/11,CP13502,2018/2019,1,08/11/2019,16.73678583,4,11/11/2019,0,26/11/2019,15,12/11/2019,13:53:28,1,64,off,160,14.34224529,16.73678583
2019/2020,B2/11,CP13502,2018/2019,1,08/11/2019,16.73678583,4,11/11/2019,0,26/11/2019,15,12/11/2019,13:56:08,1,64,on,N/A,14.34224529,16.73678583
2019/2020,B2/11,CP13502,2018/2019,1,08/11/2019,16.73678583,4,11/11/2019,0,26/11/2019,15,18/11/2019,13:19:15,7,55,on,155,16.81427965,16.73678583
2019/2020,B2/11,CP13502,2018/2019,1,08/11/2019,16.73678583,4,11/11/2019,0,26/11/2019,15,18/11/2019,13:21:50,7,55,off,80,16.81427965,16.73678583
2019/2020,B2/11,CP13502,2018/2019,1,08/11/2019,16.73678583,4,11/11/2019,0,26/11/2019,15,18/11/2019,13:23:10,7,55,on,2451,16.81427965,16.73678583
2019/2020,B2/11,CP13502,2018/2019,1,08/11/2019,16.73678583,4,11/11/2019,0,26/11/2019,15,18/11/2019,14:04:01,7,55,off,304,16.81427965,16.73678583
2019/2020,B2/11,CP13502,2018/2019,1,08/11/2019,16.73678583,4,11/11/2019,0,26/11/2019,15,18/11/2019,14:09:05,7,55,on,N/A,16.81427965,16.73678583
2019/2020,B2/11,CP13502,2018/2019,1,08/11/2019,16.73678583,4,11/11/2019,0,26/11/2019,15,24/11/2019,10:21:40,13,59,off,274,16.77855774,16.73678583
2019/2020,B2/11,CP13502,2018/2019,1,08/11/2019,16.73678583,4,11/11/2019,0,26/11/2019,15,24/11/2019,10:26:14,13,59,on,968,16.77855774,16.73678583
2019/2020,B2/11,CP13502,2018/2019,1,08/11/2019,16.73678583,4,11/11/2019,0,26/11/2019,15,24/11/2019,10:42:22,13,59,off,362,16.77855774,16.73678583
2019/2020,B2/11,CP13502,2018/2019,1,08/11/2019,16.73678583,4,11/11/2019,0,26/11/2019,15,24/11/2019,10:48:24,13,59,on,814,16.77855774,16.73678583
2019/2020,B2/11,CP13502,2018/2019,1,08/11/2019,16.73678583,4,11/11/2019,0,26/11/2019,15,24/11/2019,11:01:58,13,59,off,360,16.77855774,16.73678583
2019/2020,B2/11,CP13502,2018/2019,1,08/11/2019,16.73678583,4,11/11/2019,0,26/11/2019,15,24/11/2019,11:07:58,13,59,on,N/A,16.77855774,16.73678583
2019/2020,B2/14,CP11840,2016/2017,3,07/11/2019,17.67597239,3,10/11/2019,0,26/11/2019,16,12/11/2019,11:55:36,2,45.38333333,off,510,14.34224529,17.67597239
2019/2020,B2/14,CP11840,2016/2017,3,07/11/2019,17.67597239,3,10/11/2019,0,26/11/2019,16,12/11/2019,12:04:06,2,45.38333333,on,1457,14.34224529,17.67597239
2019/2020,B2/14,CP11840,2016/2017,3,07/11/2019,17.67597239,3,10/11/2019,0,26/11/2019,16,12/11/2019,12:28:23,2,45.38333333,off,2318,14.34224529,17.67597239
2019/2020,B2/14,CP11840,2016/2017,3,07/11/2019,17.67597239,3,10/11/2019,0,26/11/2019,16,23/11/2019,13:22:57,13,73,on,994,15.55377768,17.67597239
2019/2020,B2/14,CP11840,2016/2017,3,07/11/2019,17.67597239,3,10/11/2019,0,26/11/2019,16,23/11/2019,13:39:31,13,73,off,68,15.55377768,17.67597239
2019/2020,B2/14,CP11840,2016/2017,3,07/11/2019,17.67597239,3,10/11/2019,0,26/11/2019,16,23/11/2019,13:40:39,13,73,on,2030,15.55377768,17.67597239
2019/2020,B2/14,CP11840,2016/2017,3,07/11/2019,17.67597239,3,10/11/2019,0,26/11/2019,16,23/11/2019,14:14:29,13,73,off,N/A,15.55377768,17.67597239
2019/2020,B2/15,CP12933,2017/2018,2,03/12/2019,18.24499931,4,06/12/2019,0,20/12/2019,14,07/12/2019,13:38:14,1,62,off,227,18.18735825,18.24499931
2019/2020,B2/15,CP12933,2017/2018,2,03/12/2019,18.24499931,4,06/12/2019,0,20/12/2019,14,07/12/2019,13:42:01,1,62,on,458,18.18735825,18.24499931
2019/2020,B2/15,CP12933,2017/2018,2,03/12/2019,18.24499931,4,06/12/2019,0,20/12/2019,14,07/12/2019,13:49:39,1,62,off,242,18.18735825,18.24499931
2019/2020,B2/15,CP12933,2017/2018,2,03/12/2019,18.24499931,4,06/12/2019,0,20/12/2019,14,07/12/2019,13:53:41,1,62,on,1020,18.18735825,18.24499931
2019/2020,B2/15,CP12933,2017/2018,2,03/12/2019,18.24499931,4,06/12/2019,0,20/12/2019,14,07/12/2019,14:10:41,1,62,off,254,18.18735825,18.24499931
2019/2020,B2/15,CP12933,2017/2018,2,03/12/2019,18.24499931,4,06/12/2019,0,20/12/2019,14,07/12/2019,14:14:55,1,62,on,N/A,18.18735825,18.24499931
2019/2020,B2/4,CP13562,2018/2019,1,13/12/2019,18.30901417,3,15/12/2019,0,29/12/2019,14,17/12/2019,14:28:15,1,42,on,740,17.49199817,18.30901417
2019/2020,B2/4,CP13562,2018/2019,1,13/12/2019,18.30901417,3,15/12/2019,0,29/12/2019,14,17/12/2019,14:40:35,1,42,off,378,17.49199817,18.30901417
2019/2020,B2/4,CP13562,2018/2019,1,13/12/2019,18.30901417,3,15/12/2019,0,29/12/2019,14,17/12/2019,14:46:53,1,42,on,2,17.49199817,18.30901417
2019/2020,B2/4,CP13562,2018/2019,1,13/12/2019,18.30901417,3,15/12/2019,0,29/12/2019,14,17/12/2019,14:46:55,1,42,off,31,17.49199817,18.30901417
2019/2020,B2/4,CP13562,2018/2019,1,13/12/2019,18.30901417,3,15/12/2019,0,29/12/2019,14,17/12/2019,14:47:26,1,42,on,448,17.49199817,18.30901417
2019/2020,B2/4,CP13562,2018/2019,1,13/12/2019,18.30901417,3,15/12/2019,0,29/12/2019,14,17/12/2019,14:54:54,1,42,off,304,17.49199817,18.30901417
2019/2020,B2/4,CP13562,2018/2019,1,13/12/2019,18.30901417,3,15/12/2019,0,29/12/2019,14,17/12/2019,14:59:58,1,42,on,433,17.49199817,18.30901417
2019/2020,B2/4,CP13562,2018/2019,1,13/12/2019,18.30901417,3,15/12/2019,0,29/12/2019,14,17/12/2019,15:07:11,1,42,off,296,17.49199817,18.30901417
2019/2020,B2/4,CP13562,2018/2019,1,13/12/2019,18.30901417,3,15/12/2019,0,29/12/2019,14,17/12/2019,15:12:07,1,42,on,N/A,17.49199817,18.30901417
2019/2020,B2/8,CP13487,2018/2019,1,22/11/2019,14.40416606,4,26/11/2019,1,N/A,N/A,27/11/2019,12:44:13,1,62,off,328,17.28785701,14.40416606
2019/2020,B2/8,CP13487,2018/2019,1,22/11/2019,14.40416606,4,26/11/2019,1,N/A,N/A,27/11/2019,12:49:41,1,62,on,211,17.28785701,14.40416606
2019/2020,B2/8,CP13487,2018/2019,1,22/11/2019,14.40416606,4,26/11/2019,1,N/A,N/A,27/11/2019,12:53:12,1,62,off,25,17.28785701,14.40416606
2019/2020,B2/8,CP13487,2018/2019,1,22/11/2019,14.40416606,4,26/11/2019,1,N/A,N/A,27/11/2019,12:53:37,1,62,on,207,17.28785701,14.40416606
2019/2020,B2/8,CP13487,2018/2019,1,22/11/2019,14.40416606,4,26/11/2019,1,N/A,N/A,27/11/2019,12:57:04,1,62,on,684,17.28785701,14.40416606
2019/2020,B2/8,CP13487,2018/2019,1,22/11/2019,14.40416606,4,26/11/2019,1,N/A,N/A,27/11/2019,13:08:28,1,62,on,485,17.28785701,14.40416606
2019/2020,B2/8,CP13487,2018/2019,1,22/11/2019,14.40416606,4,26/11/2019,1,N/A,N/A,27/11/2019,13:16:33,1,62,off,37,17.28785701,14.40416606
2019/2020,B2/8,CP13487,2018/2019,1,22/11/2019,14.40416606,4,26/11/2019,1,N/A,N/A,27/11/2019,13:17:10,1,62,on,176,17.28785701,14.40416606
2019/2020,B2/8,CP13487,2018/2019,1,22/11/2019,14.40416606,4,26/11/2019,1,N/A,N/A,27/11/2019,13:20:06,1,62,off,154,17.28785701,14.40416606
2019/2020,B2/8,CP13487,2018/2019,1,22/11/2019,14.40416606,4,26/11/2019,1,N/A,N/A,27/11/2019,13:22:40,1,62,on,253,17.28785701,14.40416606
2019/2020,B2/8,CP13487,2018/2019,1,22/11/2019,14.40416606,4,26/11/2019,1,N/A,N/A,27/11/2019,13:26:53,1,62,off,246,17.28785701,14.40416606
2019/2020,B2/8,CP13487,2018/2019,1,22/11/2019,14.40416606,4,26/11/2019,1,N/A,N/A,27/11/2019,13:30:59,1,62,on,N/A,17.28785701,14.40416606
2019/2020,B2/9,CP13419,2018/2019,1,12/11/2019,14.34224529,3,14/11/2019,0,28/11/2019,14,27/11/2019,12:24:38,13,22,off,294,17.28785701,14.34224529
2019/2020,B2/9,CP13419,2018/2019,1,12/11/2019,14.34224529,3,14/11/2019,0,28/11/2019,14,27/11/2019,12:29:32,13,22,on,548,17.28785701,14.34224529
2019/2020,B2/9,CP13419,2018/2019,1,12/11/2019,14.34224529,3,14/11/2019,0,28/11/2019,14,27/11/2019,12:38:40,13,22,off,N/A,17.28785701,14.34224529
2019/2020,B21/11,CP13498,2018/2019,1,10/11/2019,17.61817244,3,12/11/2019,0,27/11/2019,15,25/11/2019,10:08:00,13,62,on,1539,16.72542974,17.61817244
2019/2020,B21/11,CP13498,2018/2019,1,10/11/2019,17.61817244,3,12/11/2019,0,27/11/2019,15,25/11/2019,10:33:39,13,62,off,377,16.72542974,17.61817244
2019/2020,B21/11,CP13498,2018/2019,1,10/11/2019,17.61817244,3,12/11/2019,0,27/11/2019,15,25/11/2019,10:39:56,13,62,on,544,16.72542974,17.61817244
2019/2020,B21/11,CP13498,2018/2019,1,10/11/2019,17.61817244,3,12/11/2019,0,27/11/2019,15,25/11/2019,10:49:00,13,62,off,370,16.72542974,17.61817244
2019/2020,B21/11,CP13498,2018/2019,1,10/11/2019,17.61817244,3,12/11/2019,0,27/11/2019,15,25/11/2019,10:55:10,13,62,on,N/A,16.72542974,17.61817244
2019/2020,B21/14,CP13068,2018/2019,1,05/12/2019,17.28930305,4,08/12/2019,0,23/12/2019,15,09/12/2019,14:14:20,1,60,off,322,17.95104454,17.28930305
2019/2020,B21/14,CP13068,2018/2019,1,05/12/2019,17.28930305,4,08/12/2019,0,23/12/2019,15,09/12/2019,14:19:42,1,60,on,349,17.95104454,17.28930305
2019/2020,B21/14,CP13068,2018/2019,1,05/12/2019,17.28930305,4,08/12/2019,0,23/12/2019,15,09/12/2019,14:25:31,1,60,off,304,17.95104454,17.28930305
2019/2020,B21/14,CP13068,2018/2019,1,05/12/2019,17.28930305,4,08/12/2019,0,23/12/2019,15,09/12/2019,14:30:35,1,60,on,624,17.95104454,17.28930305
2019/2020,B21/14,CP13068,2018/2019,1,05/12/2019,17.28930305,4,08/12/2019,0,23/12/2019,15,09/12/2019,14:40:59,1,60,off,461,17.95104454,17.28930305
2019/2020,B21/14,CP13068,2018/2019,1,05/12/2019,17.28930305,4,08/12/2019,0,23/12/2019,15,09/12/2019,14:48:40,1,60,on,N/A,17.95104454,17.28930305
2019/2020,B21/2,CP8110,2014/2015,5,03/11/2019,14.41943133,4,06/11/2019,0,20/11/2019,14,07/11/2019,12:14:00,1,148.8,on,N/A,17.67597239,14.41943133
2019/2020,B21/2,CP8110,2014/2015,5,03/11/2019,14.41943133,4,06/11/2019,0,20/11/2019,14,07/11/2019,12:40:38,1,148.8,off,392,17.67597239,14.41943133
2019/2020,B21/2,CP8110,2014/2015,5,03/11/2019,14.41943133,4,06/11/2019,0,20/11/2019,14,07/11/2019,12:47:10,1,148.8,on,1816,17.67597239,14.41943133
2019/2020,B21/2,CP8110,2014/2015,5,03/11/2019,14.41943133,4,06/11/2019,0,20/11/2019,14,07/11/2019,13:17:26,1,148.8,off,516,17.67597239,14.41943133
2019/2020,B21/2,CP8110,2014/2015,5,03/11/2019,14.41943133,4,06/11/2019,0,20/11/2019,14,07/11/2019,13:26:02,1,148.8,on,1464,17.67597239,14.41943133
2019/2020,B21/2,CP8110,2014/2015,5,03/11/2019,14.41943133,4,06/11/2019,0,20/11/2019,14,07/11/2019,13:50:26,1,148.8,off,317,17.67597239,14.41943133
2019/2020,B21/2,CP8110,2014/2015,5,03/11/2019,14.41943133,4,06/11/2019,0,20/11/2019,14,07/11/2019,13:55:43,1,148.8,on,278,17.67597239,14.41943133
2019/2020,B21/2,CP8110,2014/2015,5,03/11/2019,14.41943133,4,06/11/2019,0,20/11/2019,14,07/11/2019,14:00:21,1,148.8,off,224,17.67597239,14.41943133
2019/2020,B21/2,CP8110,2014/2015,5,03/11/2019,14.41943133,4,06/11/2019,0,20/11/2019,14,07/11/2019,14:04:05,1,148.8,on,1807,17.67597239,14.41943133
2019/2020,B21/2,CP8110,2014/2015,5,03/11/2019,14.41943133,4,06/11/2019,0,20/11/2019,14,07/11/2019,14:34:12,1,148.8,off,220,17.67597239,14.41943133
2019/2020,B21/2,CP8110,2014/2015,5,03/11/2019,14.41943133,4,06/11/2019,0,20/11/2019,14,07/11/2019,14:37:52,1,148.8,on,207,17.67597239,14.41943133
2019/2020,B21/2,CP8110,2014/2015,5,03/11/2019,14.41943133,4,06/11/2019,0,20/11/2019,14,07/11/2019,14:41:19,1,148.8,off,89,17.67597239,14.41943133
2019/2020,B21/2,CP8110,2014/2015,5,03/11/2019,14.41943133,4,06/11/2019,0,20/11/2019,14,07/11/2019,14:42:48,1,148.8,on,N/A,17.67597239,14.41943133
2019/2020,B21/2,CP8110,2014/2015,5,03/11/2019,14.41943133,4,06/11/2019,0,20/11/2019,14,07/11/2019,12:14:00,1,148.8,on,1598,17.67597239,14.41943133
2019/2020,B21/2,CP8110,2014/2015,5,03/11/2019,14.41943133,4,06/11/2019,0,20/11/2019,14,07/11/2019,12:40:38,1,148.8,off,392,17.67597239,14.41943133
2019/2020,B21/2,CP8110,2014/2015,5,03/11/2019,14.41943133,4,06/11/2019,0,20/11/2019,14,07/11/2019,12:47:10,1,148.8,on,3677,17.67597239,14.41943133
2019/2020,B21/2,CP8110,2014/2015,5,03/11/2019,14.41943133,4,06/11/2019,0,20/11/2019,14,13/11/2019,14:16:52,7,62.43333333,off,246,11.94487338,14.41943133
2019/2020,B21/2,CP8110,2014/2015,5,03/11/2019,14.41943133,4,06/11/2019,0,20/11/2019,14,13/11/2019,14:20:58,7,62.43333333,on,523,11.94487338,14.41943133
2019/2020,B21/2,CP8110,2014/2015,5,03/11/2019,14.41943133,4,06/11/2019,0,20/11/2019,14,13/11/2019,14:29:41,7,62.43333333,on,327,11.94487338,14.41943133
2019/2020,B21/2,CP8110,2014/2015,5,03/11/2019,14.41943133,4,06/11/2019,0,20/11/2019,14,13/11/2019,14:35:08,7,62.43333333,off,221,11.94487338,14.41943133
2019/2020,B21/2,CP8110,2014/2015,5,03/11/2019,14.41943133,4,06/11/2019,0,20/11/2019,14,13/11/2019,14:38:49,7,62.43333333,on,729,11.94487338,14.41943133
2019/2020,B21/2,CP8110,2014/2015,5,03/11/2019,14.41943133,4,06/11/2019,0,20/11/2019,14,13/11/2019,14:50:58,7,62.43333333,off,359,11.94487338,14.41943133
2019/2020,B21/2,CP8110,2014/2015,5,03/11/2019,14.41943133,4,06/11/2019,0,20/11/2019,14,13/11/2019,14:56:57,7,62.43333333,on,N/A,11.94487338,14.41943133
2019/2020,B21/4,CP13061,2018/2019,1,10/11/2019,17.61817244,3,12/11/2019,0,27/11/2019,15,14/11/2019,15:25:38,1,34.36666667,off,285,16.09596223,17.61817244
2019/2020,B21/4,CP13061,2018/2019,1,10/11/2019,17.61817244,3,12/11/2019,0,27/11/2019,15,14/11/2019,15:30:23,1,34.36666667,on,689,16.09596223,17.61817244
2019/2020,B21/4,CP13061,2018/2019,1,10/11/2019,17.61817244,3,12/11/2019,0,27/11/2019,15,14/11/2019,15:41:52,1,34.36666667,off,281,16.09596223,17.61817244
2019/2020,B21/4,CP13061,2018/2019,1,10/11/2019,17.61817244,3,12/11/2019,0,27/11/2019,15,14/11/2019,15:46:33,1,34.36666667,on,N/A,16.09596223,17.61817244
2019/2020,B21/4,CP13061,2018/2019,1,10/11/2019,17.61817244,3,12/11/2019,0,27/11/2019,15,25/11/2019,11:15:07,13,79,on,191,16.72542974,17.61817244
2019/2020,B21/4,CP13061,2018/2019,1,10/11/2019,17.61817244,3,12/11/2019,0,27/11/2019,15,25/11/2019,11:18:18,13,79,off,270,16.72542974,17.61817244
2019/2020,B21/4,CP13061,2018/2019,1,10/11/2019,17.61817244,3,12/11/2019,0,27/11/2019,15,25/11/2019,11:22:48,13,79,on,915,16.72542974,17.61817244
2019/2020,B21/4,CP13061,2018/2019,1,10/11/2019,17.61817244,3,12/11/2019,0,27/11/2019,15,25/11/2019,11:38:03,13,79,off,280,16.72542974,17.61817244
2019/2020,B21/4,CP13061,2018/2019,1,10/11/2019,17.61817244,3,12/11/2019,0,27/11/2019,15,25/11/2019,11:42:43,13,79,on,17,16.72542974,17.61817244
2019/2020,B21/4,CP13061,2018/2019,1,10/11/2019,17.61817244,3,12/11/2019,0,27/11/2019,15,25/11/2019,11:43:00,13,79,off,60,16.72542974,17.61817244
2019/2020,B21/4,CP13061,2018/2019,1,10/11/2019,17.61817244,3,12/11/2019,0,27/11/2019,15,25/11/2019,11:44:00,13,79,on,245,16.72542974,17.61817244
2019/2020,B21/4,CP13061,2018/2019,1,10/11/2019,17.61817244,3,12/11/2019,0,27/11/2019,15,25/11/2019,11:48:05,13,79,off,221,16.72542974,17.61817244
2019/2020,B21/4,CP13061,2018/2019,1,10/11/2019,17.61817244,3,12/11/2019,0,27/11/2019,15,25/11/2019,11:51:46,13,79,on,360,16.72542974,17.61817244
2019/2020,B21/4,CP13061,2018/2019,1,10/11/2019,17.61817244,3,12/11/2019,0,27/11/2019,15,25/11/2019,11:57:46,13,79,off,194,16.72542974,17.61817244
2019/2020,B21/4,CP13061,2018/2019,1,10/11/2019,17.61817244,3,12/11/2019,0,27/11/2019,15,25/11/2019,12:01:00,13,79,on,212,16.72542974,17.61817244
2019/2020,B21/4,CP13061,2018/2019,1,10/11/2019,17.61817244,3,12/11/2019,0,27/11/2019,15,25/11/2019,12:04:32,13,79,off,272,16.72542974,17.61817244
2019/2020,B21/4,CP13061,2018/2019,1,10/11/2019,17.61817244,3,12/11/2019,0,27/11/2019,15,25/11/2019,12:09:04,13,79,on,369,16.72542974,17.61817244
2019/2020,B21/4,CP13061,2018/2019,1,10/11/2019,17.61817244,3,12/11/2019,0,27/11/2019,15,25/11/2019,12:15:13,13,79,off,374,16.72542974,17.61817244
2019/2020,B21/4,CP13061,2018/2019,1,10/11/2019,17.61817244,3,12/11/2019,0,27/11/2019,15,25/11/2019,12:21:27,13,79,on,N/A,16.72542974,17.61817244
2019/2020,B22/1A,CP13554,2018/2019,1,20/11/2019,13.51665639,4,23/11/2019,0,07/12/2019,14,24/11/2019,13:31:00,1,61,on,477,16.77855774,13.51665639
2019/2020,B22/1A,CP13554,2018/2019,1,20/11/2019,13.51665639,4,23/11/2019,0,07/12/2019,14,24/11/2019,13:38:57,1,61,off,259,16.77855774,13.51665639
2019/2020,B22/1A,CP13554,2018/2019,1,20/11/2019,13.51665639,4,23/11/2019,0,07/12/2019,14,24/11/2019,13:43:16,1,61,on,403,16.77855774,13.51665639
2019/2020,B22/1A,CP13554,2018/2019,1,20/11/2019,13.51665639,4,23/11/2019,0,07/12/2019,14,24/11/2019,13:49:59,1,61,off,247,16.77855774,13.51665639
2019/2020,B22/1A,CP13554,2018/2019,1,20/11/2019,13.51665639,4,23/11/2019,0,07/12/2019,14,24/11/2019,13:54:06,1,61,on,434,16.77855774,13.51665639
2019/2020,B22/1A,CP13554,2018/2019,1,20/11/2019,13.51665639,4,23/11/2019,0,07/12/2019,14,24/11/2019,14:01:20,1,61,off,835,16.77855774,13.51665639
2019/2020,B22/1A,CP13554,2018/2019,1,20/11/2019,13.51665639,4,23/11/2019,0,07/12/2019,14,24/11/2019,14:15:15,1,61,off,N/A,16.77855774,13.51665639
2019/2020,B22/1A,CP13554,2018/2019,1,20/11/2019,13.51665639,4,23/11/2019,0,07/12/2019,14,05/12/2019,11:12:50,13,67,off,312,17.28930305,13.51665639
2019/2020,B22/1A,CP13554,2018/2019,1,20/11/2019,13.51665639,4,23/11/2019,0,07/12/2019,14,05/12/2019,11:18:02,13,67,on,590,17.28930305,13.51665639
2019/2020,B22/1A,CP13554,2018/2019,1,20/11/2019,13.51665639,4,23/11/2019,0,07/12/2019,14,05/12/2019,11:27:52,13,67,off,386,17.28930305,13.51665639
2019/2020,B22/1A,CP13554,2018/2019,1,20/11/2019,13.51665639,4,23/11/2019,0,07/12/2019,14,05/12/2019,11:34:18,13,67,on,585,17.28930305,13.51665639
2019/2020,B22/1A,CP13554,2018/2019,1,20/11/2019,13.51665639,4,23/11/2019,0,07/12/2019,14,05/12/2019,11:44:03,13,67,off,327,17.28930305,13.51665639
2019/2020,B22/1A,CP13554,2018/2019,1,20/11/2019,13.51665639,4,23/11/2019,0,07/12/2019,14,05/12/2019,11:49:30,13,67,on,145,17.28930305,13.51665639
2019/2020,B22/1A,CP13554,2018/2019,1,20/11/2019,13.51665639,4,23/11/2019,0,07/12/2019,14,05/12/2019,11:51:55,13,67,off,N/A,17.28930305,13.51665639
2019/2020,B22/2,CP13521,2018/2019,1,24/11/2019,16.77855774,4,06/11/2019,0,N/A,N/A,04/12/2019,12:25:37,7,150.9666667,off,272,18.05990033,16.77855774
2019/2020,B22/2,CP13521,2018/2019,1,24/11/2019,16.77855774,4,06/11/2019,0,N/A,N/A,04/12/2019,12:30:09,7,150.9666667,on,681,18.05990033,16.77855774
2019/2020,B22/2,CP13521,2018/2019,1,24/11/2019,16.77855774,4,06/11/2019,0,N/A,N/A,04/12/2019,12:41:30,7,150.9666667,on,303,18.05990033,16.77855774
2019/2020,B22/2,CP13521,2018/2019,1,24/11/2019,16.77855774,4,06/11/2019,0,N/A,N/A,04/12/2019,12:46:33,7,150.9666667,off,158,18.05990033,16.77855774
2019/2020,B22/2,CP13521,2018/2019,1,24/11/2019,16.77855774,4,06/11/2019,0,N/A,N/A,04/12/2019,12:49:11,7,150.9666667,on,553,18.05990033,16.77855774
2019/2020,B22/2,CP13521,2018/2019,1,24/11/2019,16.77855774,4,06/11/2019,0,N/A,N/A,04/12/2019,12:58:24,7,150.9666667,off,303,18.05990033,16.77855774
2019/2020,B22/2,CP13521,2018/2019,1,24/11/2019,16.77855774,4,06/11/2019,0,N/A,N/A,04/12/2019,13:03:27,7,150.9666667,on,123,18.05990033,16.77855774
2019/2020,B22/2,CP13521,2018/2019,1,24/11/2019,16.77855774,4,06/11/2019,0,N/A,N/A,04/12/2019,13:05:30,7,150.9666667,off,361,18.05990033,16.77855774
2019/2020,B22/2,CP13521,2018/2019,1,24/11/2019,16.77855774,4,06/11/2019,0,N/A,N/A,04/12/2019,13:11:31,7,150.9666667,on,353,18.05990033,16.77855774
2019/2020,B22/2,CP13521,2018/2019,1,24/11/2019,16.77855774,4,06/11/2019,0,N/A,N/A,04/12/2019,13:17:24,7,150.9666667,off,382,18.05990033,16.77855774
2019/2020,B22/2,CP13521,2018/2019,1,24/11/2019,16.77855774,4,06/11/2019,0,N/A,N/A,04/12/2019,13:23:46,7,150.9666667,off,276,18.05990033,16.77855774
2019/2020,B22/2,CP13521,2018/2019,1,24/11/2019,16.77855774,4,06/11/2019,0,N/A,N/A,04/12/2019,13:28:22,7,150.9666667,on,N/A,18.05990033,16.77855774
2019/2020,B22/21,CP13055,2018/2019,1,06/11/2019,16.74275963,1,06/11/2019,0,N/A,N/A,13/11/2019,12:55:53,7,62,off,505,11.94487338,16.74275963
2019/2020,B22/21,CP13055,2018/2019,1,06/11/2019,16.74275963,1,06/11/2019,0,N/A,N/A,13/11/2019,13:04:18,7,62,on,238,11.94487338,16.74275963
2019/2020,B22/21,CP13055,2018/2019,1,06/11/2019,16.74275963,1,06/11/2019,0,N/A,N/A,13/11/2019,13:08:16,7,62,off,338,11.94487338,16.74275963
2019/2020,B22/21,CP13055,2018/2019,1,06/11/2019,16.74275963,1,06/11/2019,0,N/A,N/A,13/11/2019,13:13:54,7,62,on,1185,11.94487338,16.74275963
2019/2020,B22/21,CP13055,2018/2019,1,06/11/2019,16.74275963,1,06/11/2019,0,N/A,N/A,13/11/2019,13:33:39,7,62,off,N/A,11.94487338,16.74275963
2019/2020,B22/21,CP13055,2018/2019,1,06/11/2019,16.74275963,1,06/11/2019,0,N/A,N/A,13/11/2019,13:05:58,7,62,on,2044,11.94487338,16.74275963
2019/2020,B22/21,CP13055,2018/2019,1,06/11/2019,16.74275963,1,06/11/2019,0,N/A,N/A,13/11/2019,13:40:02,7,62,off,220,11.94487338,16.74275963
2019/2020,B22/21,CP13055,2018/2019,1,06/11/2019,16.74275963,1,06/11/2019,0,N/A,N/A,13/11/2019,13:43:42,7,62,on,N/A,11.94487338,16.74275963
2019/2020,B22/23,CP12980,2017/2018,2,02/12/2019,18.22854904,5,06/12/2019,0,20/12/2019,14,06/12/2019,12:21:28,1,73,off,210,17.76485294,18.22854904
2019/2020,B22/23,CP12980,2017/2018,2,02/12/2019,18.22854904,5,06/12/2019,0,20/12/2019,14,06/12/2019,12:24:58,1,73,on,651,17.76485294,18.22854904
2019/2020,B22/23,CP12980,2017/2018,2,02/12/2019,18.22854904,5,06/12/2019,0,20/12/2019,14,06/12/2019,12:35:49,1,73,off,196,17.76485294,18.22854904
2019/2020,B22/23,CP12980,2017/2018,2,02/12/2019,18.22854904,5,06/12/2019,0,20/12/2019,14,06/12/2019,12:39:05,1,73,on,N/A,17.76485294,18.22854904
2019/2020,B22/23,CP12980,2017/2018,2,02/12/2019,18.22854904,5,06/12/2019,0,20/12/2019,14,06/12/2019,12:09:11,1,73,off,N/A,17.76485294,18.22854904
2019/2020,B22/25,CP13437,2018/2019,1,02/11/2019,13.65576801,4,05/11/2019,0,20/11/2019,15,07/11/2019,13:47:00,3,60,off,87,17.67597239,13.65576801
2019/2020,B22/25,CP13437,2018/2019,1,02/11/2019,13.65576801,4,05/11/2019,0,20/11/2019,15,07/11/2019,13:48:27,3,60,on,2053,17.67597239,13.65576801
2019/2020,B22/25,CP13437,2018/2019,1,02/11/2019,13.65576801,4,05/11/2019,0,20/11/2019,15,07/11/2019,14:22:40,3,60,off,323,17.67597239,13.65576801
2019/2020,B22/25,CP13437,2018/2019,1,02/11/2019,13.65576801,4,05/11/2019,0,20/11/2019,15,07/11/2019,14:28:03,3,60,on,727,17.67597239,13.65576801
2019/2020,B22/25,CP13437,2018/2019,1,02/11/2019,13.65576801,4,05/11/2019,0,20/11/2019,15,07/11/2019,14:40:10,3,60,off,410,17.67597239,13.65576801
2019/2020,B22/25,CP13437,2018/2019,1,02/11/2019,13.65576801,4,05/11/2019,0,20/11/2019,15,07/11/2019,14:47:00,3,60,on,N/A,17.67597239,13.65576801
2019/2020,B22/25,CP13437,2018/2019,1,02/11/2019,13.65576801,4,05/11/2019,0,20/11/2019,15,07/11/2019,13:48:27,1,63,on,2053,17.67597239,13.65576801
2019/2020,B22/25,CP13437,2018/2019,1,02/11/2019,13.65576801,4,05/11/2019,0,20/11/2019,15,07/11/2019,14:22:40,1,63,off,323,17.67597239,13.65576801
2019/2020,B22/25,CP13437,2018/2019,1,02/11/2019,13.65576801,4,05/11/2019,0,20/11/2019,15,07/11/2019,14:28:03,1,63,on,727,17.67597239,13.65576801
2019/2020,B22/25,CP13437,2018/2019,1,02/11/2019,13.65576801,4,05/11/2019,0,20/11/2019,15,07/11/2019,14:40:10,1,63,off,410,17.67597239,13.65576801
2019/2020,B22/25,CP13437,2018/2019,1,02/11/2019,13.65576801,4,05/11/2019,0,20/11/2019,15,07/11/2019,14:47:00,1,63,on,N/A,17.67597239,13.65576801
2019/2020,B22/28,CP12941,2017/2018,2,03/12/2019,18.24499931,4,06/12/2019,0,20/12/2019,14,07/12/2019,12:15:55,1,70,off,341,18.18735825,18.24499931
2019/2020,B22/28,CP12941,2017/2018,2,03/12/2019,18.24499931,4,06/12/2019,0,20/12/2019,14,07/12/2019,12:21:36,1,70,on,1124,18.18735825,18.24499931
2019/2020,B22/28,CP12941,2017/2018,2,03/12/2019,18.24499931,4,06/12/2019,0,20/12/2019,14,07/12/2019,12:40:20,1,70,off,262,18.18735825,18.24499931
2019/2020,B22/28,CP12941,2017/2018,2,03/12/2019,18.24499931,4,06/12/2019,0,20/12/2019,14,07/12/2019,12:44:42,1,70,on,N/A,18.18735825,18.24499931
2019/2020,B22/30,CP9214,2015/2016,4,01/11/2019,14.03210604,4,04/11/2019,0,18/11/2019,14,05/11/2019,12:33:00,2,60,off,120,16.12916613,14.03210604
2019/2020,B22/30,CP9214,2015/2016,4,01/11/2019,14.03210604,4,04/11/2019,0,18/11/2019,14,05/11/2019,12:35:00,2,60,on,600,16.12916613,14.03210604
2019/2020,B22/30,CP9214,2015/2016,4,01/11/2019,14.03210604,4,04/11/2019,0,18/11/2019,14,05/11/2019,12:45:00,2,60,off,410,16.12916613,14.03210604
2019/2020,B22/30,CP9214,2015/2016,4,01/11/2019,14.03210604,4,04/11/2019,0,18/11/2019,14,05/11/2019,12:51:50,2,60,on,2130,16.12916613,14.03210604
2019/2020,B22/30,CP9214,2015/2016,4,01/11/2019,14.03210604,4,04/11/2019,0,18/11/2019,14,05/11/2019,13:27:20,2,60,off,340,16.12916613,14.03210604
2019/2020,B22/30,CP9214,2015/2016,4,01/11/2019,14.03210604,4,04/11/2019,0,18/11/2019,14,05/11/2019,13:33:00,2,60,on,N/A,16.12916613,14.03210604
2019/2020,B22/30,CP9214,2015/2016,4,01/11/2019,14.03210604,4,04/11/2019,0,18/11/2019,14,12/11/2019,10:06:59,8,93,off,370,14.34224529,14.03210604
2019/2020,B22/30,CP9214,2015/2016,4,01/11/2019,14.03210604,4,04/11/2019,0,18/11/2019,14,12/11/2019,10:13:09,8,93,on,881,14.34224529,14.03210604
2019/2020,B22/30,CP9214,2015/2016,4,01/11/2019,14.03210604,4,04/11/2019,0,18/11/2019,14,12/11/2019,10:27:50,8,93,off,231,14.34224529,14.03210604
2019/2020,B22/30,CP9214,2015/2016,4,01/11/2019,14.03210604,4,04/11/2019,0,18/11/2019,14,12/11/2019,10:31:41,8,93,on,756,14.34224529,14.03210604
2019/2020,B22/30,CP9214,2015/2016,4,01/11/2019,14.03210604,4,04/11/2019,0,18/11/2019,14,12/11/2019,10:44:17,8,93,off,422,14.34224529,14.03210604
2019/2020,B22/30,CP9214,2015/2016,4,01/11/2019,14.03210604,4,04/11/2019,0,18/11/2019,14,12/11/2019,10:51:19,8,93,on,3857,14.34224529,14.03210604
2019/2020,B22/30,CP9214,2015/2016,4,01/11/2019,14.03210604,4,04/11/2019,0,18/11/2019,14,18/11/2019,14:23:12,13,57,off,5868,16.81427965,14.03210604
2019/2020,B22/30,CP9214,2015/2016,4,01/11/2019,14.03210604,4,04/11/2019,0,18/11/2019,14,18/11/2019,16:01:00,13,57,off,N/A,16.81427965,14.03210604
2019/2020,B22/37,CP13445,2018/2019,1,11/11/2019,15.46997091,4,15/11/2019,1,29/11/2019,14,22/11/2019,09:47:52,7,65,off,577,14.40416606,15.46997091
2019/2020,B22/37,CP13445,2018/2019,1,11/11/2019,15.46997091,4,15/11/2019,1,29/11/2019,14,22/11/2019,09:57:29,7,65,on,883,14.40416606,15.46997091
2019/2020,B22/37,CP13445,2018/2019,1,11/11/2019,15.46997091,4,15/11/2019,1,29/11/2019,14,22/11/2019,10:12:12,7,65,off,398,14.40416606,15.46997091
2019/2020,B22/37,CP13445,2018/2019,1,11/11/2019,15.46997091,4,15/11/2019,1,29/11/2019,14,22/11/2019,10:18:50,7,65,on,327,14.40416606,15.46997091
2019/2020,B22/37,CP13445,2018/2019,1,11/11/2019,15.46997091,4,15/11/2019,1,29/11/2019,14,22/11/2019,10:24:17,7,65,off,382,14.40416606,15.46997091
2019/2020,B22/37,CP13445,2018/2019,1,11/11/2019,15.46997091,4,15/11/2019,1,29/11/2019,14,22/11/2019,10:30:39,7,65,on,N/A,14.40416606,15.46997091
2019/2020,B22/37,CP13445,2018/2019,1,11/11/2019,15.46997091,4,15/11/2019,1,29/11/2019,14,28/11/2019,09:32:03,13,140,off,191,18.11960264,15.46997091
2019/2020,B22/37,CP13445,2018/2019,1,11/11/2019,15.46997091,4,15/11/2019,1,29/11/2019,14,28/11/2019,09:35:14,13,140,on,N/A,18.11960264,15.46997091
2019/2020,B22/4,CP13527,2018/2019,1,24/11/2019,16.77855774,4,27/11/2019,0,11/12/2019,14,28/11/2019,11:46:38,1,60,off,383,18.11960264,16.77855774
2019/2020,B22/4,CP13527,2018/2019,1,24/11/2019,16.77855774,4,27/11/2019,0,11/12/2019,14,28/11/2019,11:53:01,1,60,on,1481,18.11960264,16.77855774
2019/2020,B22/4,CP13527,2018/2019,1,24/11/2019,16.77855774,4,27/11/2019,0,11/12/2019,14,28/11/2019,12:17:42,1,60,off,289,18.11960264,16.77855774
2019/2020,B22/4,CP13527,2018/2019,1,24/11/2019,16.77855774,4,27/11/2019,0,11/12/2019,14,28/11/2019,12:22:31,1,60,on,270,18.11960264,16.77855774
2019/2020,B22/4,CP13527,2018/2019,1,24/11/2019,16.77855774,4,27/11/2019,0,11/12/2019,14,28/11/2019,12:27:01,1,60,off,224,18.11960264,16.77855774
2019/2020,B22/4,CP13527,2018/2019,1,24/11/2019,16.77855774,4,27/11/2019,0,11/12/2019,14,28/11/2019,12:30:45,1,60,on,228,18.11960264,16.77855774
2019/2020,B22/4,CP13527,2018/2019,1,24/11/2019,16.77855774,4,27/11/2019,0,11/12/2019,14,28/11/2019,12:34:33,1,60,off,N/A,18.11960264,16.77855774
2019/2020,B22/4,CP13527,2018/2019,1,24/11/2019,16.77855774,4,27/11/2019,0,11/12/2019,14,04/12/2019,11:05:03,7,82,off,388,18.05990033,16.77855774
2019/2020,B22/4,CP13527,2018/2019,1,24/11/2019,16.77855774,4,27/11/2019,0,11/12/2019,14,04/12/2019,11:11:31,7,82,on,700,18.05990033,16.77855774
2019/2020,B22/4,CP13527,2018/2019,1,24/11/2019,16.77855774,4,27/11/2019,0,11/12/2019,14,04/12/2019,11:23:11,7,82,off,1127,18.05990033,16.77855774
2019/2020,B22/4,CP13527,2018/2019,1,24/11/2019,16.77855774,4,27/11/2019,0,11/12/2019,14,04/12/2019,11:41:58,7,82,on,396,18.05990033,16.77855774
2019/2020,B22/4,CP13527,2018/2019,1,24/11/2019,16.77855774,4,27/11/2019,0,11/12/2019,14,04/12/2019,11:48:34,7,82,off,178,18.05990033,16.77855774
2019/2020,B22/4,CP13527,2018/2019,1,24/11/2019,16.77855774,4,27/11/2019,0,11/12/2019,14,04/12/2019,11:51:32,7,82,on,N/A,18.05990033,16.77855774
2019/2020,B22/9,CP13003,2017/2018,2,05/12/2019,17.28930305,3,07/12/2019,N/A,22/12/2019,15,09/12/2019,12:37:21,1,67,off,192,17.95104454,17.28930305
2019/2020,B22/9,CP13003,2017/2018,2,05/12/2019,17.28930305,3,07/12/2019,N/A,22/12/2019,15,09/12/2019,12:40:33,1,67,on,260,17.95104454,17.28930305
2019/2020,B22/9,CP13003,2017/2018,2,05/12/2019,17.28930305,3,07/12/2019,N/A,22/12/2019,15,09/12/2019,12:44:53,1,67,off,66,17.95104454,17.28930305
2019/2020,B22/9,CP13003,2017/2018,2,05/12/2019,17.28930305,3,07/12/2019,N/A,22/12/2019,15,09/12/2019,12:45:59,1,67,on,253,17.95104454,17.28930305
2019/2020,B22/9,CP13003,2017/2018,2,05/12/2019,17.28930305,3,07/12/2019,N/A,22/12/2019,15,09/12/2019,12:50:12,1,67,off,187,17.95104454,17.28930305
2019/2020,B22/9,CP13003,2017/2018,2,05/12/2019,17.28930305,3,07/12/2019,N/A,22/12/2019,15,09/12/2019,12:53:19,1,67,on,899,17.95104454,17.28930305
2019/2020,B22/9,CP13003,2017/2018,2,05/12/2019,17.28930305,3,07/12/2019,N/A,22/12/2019,15,09/12/2019,13:08:18,1,67,off,651,17.95104454,17.28930305
2019/2020,B22/9,CP13003,2017/2018,2,05/12/2019,17.28930305,3,07/12/2019,N/A,22/12/2019,15,09/12/2019,13:19:09,1,67,on,N/A,17.95104454,17.28930305
2019/2020,B23/7,CP9232,2015/2016,4,29/11/2019,18.11077028,4,02/12/2019,0,17/12/2019,15,04/12/2019,13:59:28,2,85,on,1329,18.05990033,18.11077028
2019/2020,B23/7,CP9232,2015/2016,4,29/11/2019,18.11077028,4,02/12/2019,0,17/12/2019,15,04/12/2019,14:21:37,2,85,off,414,18.05990033,18.11077028
2019/2020,B23/7,CP9232,2015/2016,4,29/11/2019,18.11077028,4,02/12/2019,0,17/12/2019,15,04/12/2019,14:28:31,2,85,on,2142,18.05990033,18.11077028
2019/2020,B23/7,CP9232,2015/2016,4,29/11/2019,18.11077028,4,02/12/2019,0,17/12/2019,15,04/12/2019,15:04:13,2,85,off,312,18.05990033,18.11077028
2019/2020,B23/7,CP9232,2015/2016,4,29/11/2019,18.11077028,4,02/12/2019,0,17/12/2019,15,04/12/2019,15:09:25,2,85,on,N/A,18.05990033,18.11077028
2019/2020,B23/7,CP9232,2015/2016,4,29/11/2019,18.11077028,4,02/12/2019,0,17/12/2019,15,09/12/2019,11:36:22,7,73,off,304,17.95104454,18.11077028
2019/2020,B23/7,CP9232,2015/2016,4,29/11/2019,18.11077028,4,02/12/2019,0,17/12/2019,15,09/12/2019,11:41:26,7,73,on,2062,17.95104454,18.11077028
2019/2020,B23/7,CP9232,2015/2016,4,29/11/2019,18.11077028,4,02/12/2019,0,17/12/2019,15,09/12/2019,12:15:48,7,73,off,N/A,17.95104454,18.11077028
2019/2020,B23/8,CP11802,2016/2017,3,04/11/2019,15.4,4,07/11/2019,0,22/11/2019,15,08/11/2019,13:29:00,2,149.4333333,on,1565,16.73678583,15.4
2019/2020,B23/8,CP11802,2016/2017,3,04/11/2019,15.4,4,07/11/2019,0,22/11/2019,15,08/11/2019,13:55:05,2,149.4333333,off,310,16.73678583,15.4
2019/2020,B23/8,CP11802,2016/2017,3,04/11/2019,15.4,4,07/11/2019,0,22/11/2019,15,08/11/2019,14:00:15,2,149.4333333,on,1084,16.73678583,15.4
2019/2020,B23/8,CP11802,2016/2017,3,04/11/2019,15.4,4,07/11/2019,0,22/11/2019,15,08/11/2019,14:18:19,2,149.4333333,off,202,16.73678583,15.4
2019/2020,B23/8,CP11802,2016/2017,3,04/11/2019,15.4,4,07/11/2019,0,22/11/2019,15,08/11/2019,14:21:41,2,149.4333333,on,361,16.73678583,15.4
2019/2020,B23/8,CP11802,2016/2017,3,04/11/2019,15.4,4,07/11/2019,0,22/11/2019,15,08/11/2019,14:27:42,2,149.4333333,off,420,16.73678583,15.4
2019/2020,B23/8,CP11802,2016/2017,3,04/11/2019,15.4,4,07/11/2019,0,22/11/2019,15,08/11/2019,14:34:42,2,149.4333333,on,860,16.73678583,15.4
2019/2020,B23/8,CP11802,2016/2017,3,04/11/2019,15.4,4,07/11/2019,0,22/11/2019,15,08/11/2019,14:49:02,2,149.4333333,on,292,16.73678583,15.4
2019/2020,B23/8,CP11802,2016/2017,3,04/11/2019,15.4,4,07/11/2019,0,22/11/2019,15,08/11/2019,14:53:54,2,149.4333333,off,729,16.73678583,15.4
2019/2020,B23/8,CP11802,2016/2017,3,04/11/2019,15.4,4,07/11/2019,0,22/11/2019,15,08/11/2019,15:06:03,2,149.4333333,on,237,16.73678583,15.4
2019/2020,B23/8,CP11802,2016/2017,3,04/11/2019,15.4,4,07/11/2019,0,22/11/2019,15,08/11/2019,15:10:00,2,149.4333333,on,303,16.73678583,15.4
2019/2020,B23/8,CP11802,2016/2017,3,04/11/2019,15.4,4,07/11/2019,0,22/11/2019,15,08/11/2019,15:15:03,2,149.4333333,off,358,16.73678583,15.4
2019/2020,B23/8,CP11802,2016/2017,3,04/11/2019,15.4,4,07/11/2019,0,22/11/2019,15,08/11/2019,15:21:01,2,149.4333333,on,678,16.73678583,15.4
2019/2020,B23/8,CP11802,2016/2017,3,04/11/2019,15.4,4,07/11/2019,0,22/11/2019,15,08/11/2019,15:32:19,2,149.4333333,off,397,16.73678583,15.4
2019/2020,B23/8,CP11802,2016/2017,3,04/11/2019,15.4,4,07/11/2019,0,22/11/2019,15,08/11/2019,15:38:56,2,149.4333333,on,127,16.73678583,15.4
2019/2020,B23/8,CP11802,2016/2017,3,04/11/2019,15.4,4,07/11/2019,0,22/11/2019,15,08/11/2019,15:41:03,2,149.4333333,off,115,16.73678583,15.4
2019/2020,B23/8,CP11802,2016/2017,3,04/11/2019,15.4,4,07/11/2019,0,22/11/2019,15,08/11/2019,15:42:58,2,149.4333333,on,928,16.73678583,15.4
2019/2020,B23/8,CP11802,2016/2017,3,04/11/2019,15.4,4,07/11/2019,0,22/11/2019,15,08/11/2019,15:58:26,2,149.4333333,off,N/A,16.73678583,15.4
2019/2020,B23/8,CP11802,2016/2017,3,04/11/2019,15.4,4,07/11/2019,0,22/11/2019,15,08/11/2019,13:55:05,1,149.4333333,off,310,16.73678583,15.4
2019/2020,B23/8,CP11802,2016/2017,3,04/11/2019,15.4,4,07/11/2019,0,22/11/2019,15,08/11/2019,14:00:15,1,149.4333333,on,1084,16.73678583,15.4
2019/2020,B23/8,CP11802,2016/2017,3,04/11/2019,15.4,4,07/11/2019,0,22/11/2019,15,08/11/2019,14:18:19,1,149.4333333,off,210,16.73678583,15.4
2019/2020,B23/8,CP11802,2016/2017,3,04/11/2019,15.4,4,07/11/2019,0,22/11/2019,15,08/11/2019,14:21:49,1,149.4333333,on,353,16.73678583,15.4
2019/2020,B23/8,CP11802,2016/2017,3,04/11/2019,15.4,4,07/11/2019,0,22/11/2019,15,08/11/2019,14:27:42,1,149.4333333,off,420,16.73678583,15.4
2019/2020,B23/8,CP11802,2016/2017,3,04/11/2019,15.4,4,07/11/2019,0,22/11/2019,15,08/11/2019,14:34:42,1,149.4333333,on,860,16.73678583,15.4
2019/2020,B23/8,CP11802,2016/2017,3,04/11/2019,15.4,4,07/11/2019,0,22/11/2019,15,08/11/2019,14:49:02,1,149.4333333,off,292,16.73678583,15.4
2019/2020,B23/8,CP11802,2016/2017,3,04/11/2019,15.4,4,07/11/2019,0,22/11/2019,15,08/11/2019,14:53:54,1,149.4333333,on,729,16.73678583,15.4
2019/2020,B23/8,CP11802,2016/2017,3,04/11/2019,15.4,4,07/11/2019,0,22/11/2019,15,08/11/2019,15:06:03,1,149.4333333,off,237,16.73678583,15.4
2019/2020,B23/8,CP11802,2016/2017,3,04/11/2019,15.4,4,07/11/2019,0,22/11/2019,15,08/11/2019,15:10:00,1,149.4333333,on,303,16.73678583,15.4
2019/2020,B23/8,CP11802,2016/2017,3,04/11/2019,15.4,4,07/11/2019,0,22/11/2019,15,08/11/2019,15:15:03,1,149.4333333,off,358,16.73678583,15.4
2019/2020,B23/8,CP11802,2016/2017,3,04/11/2019,15.4,4,07/11/2019,0,22/11/2019,15,08/11/2019,15:21:01,1,149.4333333,on,678,16.73678583,15.4
2019/2020,B23/8,CP11802,2016/2017,3,04/11/2019,15.4,4,07/11/2019,0,22/11/2019,15,08/11/2019,15:32:19,1,149.4333333,off,397,16.73678583,15.4
2019/2020,B23/8,CP11802,2016/2017,3,04/11/2019,15.4,4,07/11/2019,0,22/11/2019,15,08/11/2019,15:38:56,1,149.4333333,on,127,16.73678583,15.4
2019/2020,B23/8,CP11802,2016/2017,3,04/11/2019,15.4,4,07/11/2019,0,22/11/2019,15,08/11/2019,15:41:03,1,149.4333333,off,115,16.73678583,15.4
2019/2020,B23/8,CP11802,2016/2017,3,04/11/2019,15.4,4,07/11/2019,0,22/11/2019,15,08/11/2019,15:42:58,1,149.4333333,on,761,16.73678583,15.4
2019/2020,B23/8,CP11802,2016/2017,3,04/11/2019,15.4,4,07/11/2019,0,22/11/2019,15,08/11/2019,15:55:39,1,149.4333333,on,167,16.73678583,15.4
2019/2020,B23/8,CP11802,2016/2017,3,04/11/2019,15.4,4,07/11/2019,0,22/11/2019,15,08/11/2019,15:58:26,1,149.4333333,off,N/A,16.73678583,15.4
2019/2020,B23/8,CP11802,2016/2017,3,04/11/2019,15.4,4,07/11/2019,0,22/11/2019,15,14/11/2019,10:32:41,7,59,on,166,16.09596223,15.4
2019/2020,B23/8,CP11802,2016/2017,3,04/11/2019,15.4,4,07/11/2019,0,22/11/2019,15,14/11/2019,10:35:27,7,59,off,231,16.09596223,15.4
2019/2020,B23/8,CP11802,2016/2017,3,04/11/2019,15.4,4,07/11/2019,0,22/11/2019,15,14/11/2019,10:39:18,7,59,on,732,16.09596223,15.4
2019/2020,B23/8,CP11802,2016/2017,3,04/11/2019,15.4,4,07/11/2019,0,22/11/2019,15,14/11/2019,10:51:30,7,59,off,250,16.09596223,15.4
2019/2020,B23/8,CP11802,2016/2017,3,04/11/2019,15.4,4,07/11/2019,0,22/11/2019,15,14/11/2019,10:55:40,7,59,on,139,16.09596223,15.4
2019/2020,B23/8,CP11802,2016/2017,3,04/11/2019,15.4,4,07/11/2019,0,22/11/2019,15,14/11/2019,10:57:59,7,59,off,317,16.09596223,15.4
2019/2020,B23/8,CP11802,2016/2017,3,04/11/2019,15.4,4,07/11/2019,0,22/11/2019,15,14/11/2019,11:03:16,7,59,on,896,16.09596223,15.4
2019/2020,B23/8,CP11802,2016/2017,3,04/11/2019,15.4,4,07/11/2019,0,22/11/2019,15,14/11/2019,11:18:12,7,59,off,379,16.09596223,15.4
2019/2020,B23/8,CP11802,2016/2017,3,04/11/2019,15.4,4,07/11/2019,0,22/11/2019,15,14/11/2019,11:24:31,7,59,on,N/A,16.09596223,15.4
2019/2020,B23/8,CP11802,2016/2017,3,04/11/2019,15.4,4,07/11/2019,0,22/11/2019,15,20/11/2019,12:38:00,13,70,off,632,13.51665639,15.4
2019/2020,B23/8,CP11802,2016/2017,3,04/11/2019,15.4,4,07/11/2019,0,22/11/2019,15,20/11/2019,12:48:32,13,70,on,N/A,13.51665639,15.4
2019/2020,B3/1,CP12981,2017/2018,2,11/11/2019,15.46997091,4,14/11/2019,0,29/11/2019,15,21/11/2019,15:01:35,7,0,on,926,16.25176913,15.46997091
2019/2020,B3/1,CP12981,2017/2018,2,11/11/2019,15.46997091,4,14/11/2019,0,29/11/2019,15,21/11/2019,15:17:01,7,0,on,315,16.25176913,15.46997091
2019/2020,B3/1,CP12981,2017/2018,2,11/11/2019,15.46997091,4,14/11/2019,0,29/11/2019,15,21/11/2019,15:22:16,7,0,off,125,16.25176913,15.46997091
2019/2020,B3/1,CP12981,2017/2018,2,11/11/2019,15.46997091,4,14/11/2019,0,29/11/2019,15,21/11/2019,15:24:21,7,0,on,339,16.25176913,15.46997091
2019/2020,B3/1,CP12981,2017/2018,2,11/11/2019,15.46997091,4,14/11/2019,0,29/11/2019,15,21/11/2019,15:30:00,7,0,off,250,16.25176913,15.46997091
2019/2020,B3/1,CP12981,2017/2018,2,11/11/2019,15.46997091,4,14/11/2019,0,29/11/2019,15,21/11/2019,15:34:10,7,0,on,290,16.25176913,15.46997091
2019/2020,B3/1,CP12981,2017/2018,2,11/11/2019,15.46997091,4,14/11/2019,0,29/11/2019,15,21/11/2019,15:39:00,7,0,off,N/A,16.25176913,15.46997091
2019/2020,B3/1,CP12981,2017/2018,2,11/11/2019,15.46997091,4,14/11/2019,0,29/11/2019,15,27/11/2019,11:01:32,13,61,on,510,17.28785701,15.46997091
2019/2020,B3/1,CP12981,2017/2018,2,11/11/2019,15.46997091,4,14/11/2019,0,29/11/2019,15,27/11/2019,11:10:02,13,61,off,349,17.28785701,15.46997091
2019/2020,B3/1,CP12981,2017/2018,2,11/11/2019,15.46997091,4,14/11/2019,0,29/11/2019,15,27/11/2019,11:15:51,13,61,on,256,17.28785701,15.46997091
2019/2020,B3/1,CP12981,2017/2018,2,11/11/2019,15.46997091,4,14/11/2019,0,29/11/2019,15,27/11/2019,11:20:07,13,61,off,246,17.28785701,15.46997091
2019/2020,B3/1,CP12981,2017/2018,2,11/11/2019,15.46997091,4,14/11/2019,0,29/11/2019,15,27/11/2019,11:24:13,13,61,on,564,17.28785701,15.46997091
2019/2020,B3/1,CP12981,2017/2018,2,11/11/2019,15.46997091,4,14/11/2019,0,29/11/2019,15,27/11/2019,11:33:37,13,61,on,100,17.28785701,15.46997091
2019/2020,B3/1,CP12981,2017/2018,2,11/11/2019,15.46997091,4,14/11/2019,0,29/11/2019,15,27/11/2019,11:35:17,13,61,off,83,17.28785701,15.46997091
2019/2020,B3/1,CP12981,2017/2018,2,11/11/2019,15.46997091,4,14/11/2019,0,29/11/2019,15,27/11/2019,11:36:40,13,61,on,440,17.28785701,15.46997091
2019/2020,B3/1,CP12981,2017/2018,2,11/11/2019,15.46997091,4,14/11/2019,0,29/11/2019,15,27/11/2019,11:44:00,13,61,off,678,17.28785701,15.46997091
2019/2020,B3/1,CP12981,2017/2018,2,11/11/2019,15.46997091,4,14/11/2019,0,29/11/2019,15,27/11/2019,11:55:18,13,61,on,N/A,17.28785701,15.46997091
2019/2020,B3/10,CP11865,2016/2017,3,01/11/2019,14.03210604,3,04/11/2019,1,19/11/2019,15,06/11/2019,16:08:00,1,64,on,485,16.74275963,14.03210604
2019/2020,B3/10,CP11865,2016/2017,3,01/11/2019,14.03210604,3,04/11/2019,1,19/11/2019,15,06/11/2019,16:16:05,1,64,off,257,16.74275963,14.03210604
2019/2020,B3/10,CP11865,2016/2017,3,01/11/2019,14.03210604,3,04/11/2019,1,19/11/2019,15,06/11/2019,16:20:22,1,64,on,1293,16.74275963,14.03210604
2019/2020,B3/10,CP11865,2016/2017,3,01/11/2019,14.03210604,3,04/11/2019,1,19/11/2019,15,06/11/2019,16:41:55,1,64,off,322,16.74275963,14.03210604
2019/2020,B3/10,CP11865,2016/2017,3,01/11/2019,14.03210604,3,04/11/2019,1,19/11/2019,15,06/11/2019,16:47:17,1,64,on,873,16.74275963,14.03210604
2019/2020,B3/10,CP11865,2016/2017,3,01/11/2019,14.03210604,3,04/11/2019,1,19/11/2019,15,06/11/2019,17:01:50,1,64,off,430,16.74275963,14.03210604
2019/2020,B3/10,CP11865,2016/2017,3,01/11/2019,14.03210604,3,04/11/2019,1,19/11/2019,15,06/11/2019,17:09:00,1,64,on,N/A,16.74275963,14.03210604
2019/2020,B3/10,CP11865,2016/2017,3,01/11/2019,14.03210604,3,04/11/2019,1,19/11/2019,15,11/11/2019,11:03:28,7,60.55,off,298,15.46997091,14.03210604
2019/2020,B3/10,CP11865,2016/2017,3,01/11/2019,14.03210604,3,04/11/2019,1,19/11/2019,15,11/11/2019,11:08:26,7,60.55,on,1476,15.46997091,14.03210604
2019/2020,B3/10,CP11865,2016/2017,3,01/11/2019,14.03210604,3,04/11/2019,1,19/11/2019,15,11/11/2019,11:33:02,7,60.55,off,128,15.46997091,14.03210604
2019/2020,B3/10,CP11865,2016/2017,3,01/11/2019,14.03210604,3,04/11/2019,1,19/11/2019,15,11/11/2019,11:35:10,7,60.55,on,644,15.46997091,14.03210604
2019/2020,B3/10,CP11865,2016/2017,3,01/11/2019,14.03210604,3,04/11/2019,1,19/11/2019,15,11/11/2019,11:45:54,7,60.55,off,279,15.46997091,14.03210604
2019/2020,B3/10,CP11865,2016/2017,3,01/11/2019,14.03210604,3,04/11/2019,1,19/11/2019,15,11/11/2019,11:50:33,7,60.55,on,N/A,15.46997091,14.03210604
2019/2020,B3/10,CP11865,2016/2017,3,01/11/2019,14.03210604,3,04/11/2019,1,19/11/2019,15,06/11/2019,16:16:05,7,60.55,off,257,16.74275963,14.03210604
2019/2020,B3/10,CP11865,2016/2017,3,01/11/2019,14.03210604,3,04/11/2019,1,19/11/2019,15,06/11/2019,16:20:22,1,64,on,1293,16.74275963,14.03210604
2019/2020,B3/10,CP11865,2016/2017,3,01/11/2019,14.03210604,3,04/11/2019,1,19/11/2019,15,06/11/2019,16:41:55,1,64,off,322,16.74275963,14.03210604
2019/2020,B3/10,CP11865,2016/2017,3,01/11/2019,14.03210604,3,04/11/2019,1,19/11/2019,15,06/11/2019,16:47:17,1,64,on,873,16.74275963,14.03210604
2019/2020,B3/10,CP11865,2016/2017,3,01/11/2019,14.03210604,3,04/11/2019,1,19/11/2019,15,06/11/2019,17:01:50,1,64,off,430,16.74275963,14.03210604
2019/2020,B3/10,CP11865,2016/2017,3,01/11/2019,14.03210604,3,04/11/2019,1,19/11/2019,15,06/11/2019,17:09:00,1,64,on,N/A,16.74275963,14.03210604
2019/2020,B3/10,CP11865,2016/2017,3,01/11/2019,14.03210604,3,04/11/2019,1,19/11/2019,15,17/11/2019,14:24:00,13,11,off,300,15.76832268,14.03210604
2019/2020,B3/10,CP11865,2016/2017,3,01/11/2019,14.03210604,3,04/11/2019,1,19/11/2019,15,17/11/2019,14:29:00,13,11,on,N/A,15.76832268,14.03210604
2019/2020,B4/1,CP8183,2014/2015,5,05/11/2019,16.12916613,4,08/11/2019,0,22/11/2019,14,21/11/2019,16:36:03,13,61,off,487,16.25176913,16.12916613
2019/2020,B4/1,CP8183,2014/2015,5,05/11/2019,16.12916613,4,08/11/2019,0,22/11/2019,14,21/11/2019,16:44:10,13,61,on,557,16.25176913,16.12916613
2019/2020,B4/1,CP8183,2014/2015,5,05/11/2019,16.12916613,4,08/11/2019,0,22/11/2019,14,21/11/2019,16:53:27,13,61,off,323,16.25176913,16.12916613
2019/2020,B4/1,CP8183,2014/2015,5,05/11/2019,16.12916613,4,08/11/2019,0,22/11/2019,14,21/11/2019,16:58:50,13,61,on,N/A,16.25176913,16.12916613
2019/2020,B4/5,CP13417,2018/2019,1,21/11/2019,16.25176913,4,25/11/2019,0,09/12/2019,14,26/11/2019,13:45:57,1,33.51666667,off,274,16.66493324,16.25176913
2019/2020,B4/5,CP13417,2018/2019,1,21/11/2019,16.25176913,4,25/11/2019,0,09/12/2019,14,26/11/2019,13:50:31,1,33.51666667,on,N/A,16.66493324,16.25176913
2019/2020,B6/2,CP9223,2015/2016,4,28/10/2019,15.39870124,4,31/10/2019,0,14/11/2019,14,02/11/2019,12:32:00,3,70.8,on,N/A,13.65576801,15.39870124
2019/2020,B6/2,CP9223,2015/2016,4,28/10/2019,15.39870124,4,31/10/2019,0,14/11/2019,14,02/11/2019,12:34:00,3,70.8,off,240,13.65576801,15.39870124
2019/2020,B6/2,CP9223,2015/2016,4,28/10/2019,15.39870124,4,31/10/2019,0,14/11/2019,14,02/11/2019,12:38:00,3,70.8,on,578,13.65576801,15.39870124
2019/2020,B6/2,CP9223,2015/2016,4,28/10/2019,15.39870124,4,31/10/2019,0,14/11/2019,14,02/11/2019,12:47:38,3,70.8,off,342,13.65576801,15.39870124
2019/2020,B6/2,CP9223,2015/2016,4,28/10/2019,15.39870124,4,31/10/2019,0,14/11/2019,14,02/11/2019,12:53:20,3,70.8,on,1330,13.65576801,15.39870124
2019/2020,B6/2,CP9223,2015/2016,4,28/10/2019,15.39870124,4,31/10/2019,0,14/11/2019,14,02/11/2019,13:15:30,3,70.8,off,360,13.65576801,15.39870124
2019/2020,B6/2,CP9223,2015/2016,4,28/10/2019,15.39870124,4,31/10/2019,0,14/11/2019,14,02/11/2019,13:21:30,3,70.8,on,1278,13.65576801,15.39870124
2019/2020,B6/2,CP9223,2015/2016,4,28/10/2019,15.39870124,4,31/10/2019,0,14/11/2019,14,02/11/2019,13:42:48,3,70.8,off,N/A,13.65576801,15.39870124
2019/2020,B6/2,CP9223,2015/2016,4,28/10/2019,15.39870124,4,31/10/2019,0,14/11/2019,14,07/11/2019,11:06:40,7,64,off,259,17.67597239,15.39870124
2019/2020,B6/2,CP9223,2015/2016,4,28/10/2019,15.39870124,4,31/10/2019,0,14/11/2019,14,07/11/2019,11:10:59,7,64,on,356,17.67597239,15.39870124
2019/2020,B6/2,CP9223,2015/2016,4,28/10/2019,15.39870124,4,31/10/2019,0,14/11/2019,14,07/11/2019,11:16:55,7,64,off,189,17.67597239,15.39870124
2019/2020,B6/2,CP9223,2015/2016,4,28/10/2019,15.39870124,4,31/10/2019,0,14/11/2019,14,07/11/2019,11:20:04,7,64,on,1388,17.67597239,15.39870124
2019/2020,B6/2,CP9223,2015/2016,4,28/10/2019,15.39870124,4,31/10/2019,0,14/11/2019,14,07/11/2019,11:43:12,7,64,off,360,17.67597239,15.39870124
2019/2020,B6/2,CP9223,2015/2016,4,28/10/2019,15.39870124,4,31/10/2019,0,14/11/2019,14,07/11/2019,11:49:12,7,64,on,N/A,17.67597239,15.39870124
2019/2020,B6/2,CP9223,2015/2016,4,28/10/2019,15.39870124,4,31/10/2019,0,14/11/2019,14,13/11/2019,10:40:00,13,59.91666667,off,420,11.94487338,15.39870124
2019/2020,B6/2,CP9223,2015/2016,4,28/10/2019,15.39870124,4,31/10/2019,0,14/11/2019,14,13/11/2019,10:47:00,13,59.91666667,on,2602,11.94487338,15.39870124
2019/2020,B6/2,CP9223,2015/2016,4,28/10/2019,15.39870124,4,31/10/2019,0,14/11/2019,14,13/11/2019,11:30:22,13,59.91666667,off,393,11.94487338,15.39870124
2019/2020,B6/2,CP9223,2015/2016,4,28/10/2019,15.39870124,4,31/10/2019,0,14/11/2019,14,13/11/2019,11:36:55,13,59.91666667,on,N/A,11.94487338,15.39870124
2019/2020,B6/4,CP12972,2017/2018,2,02/12/2019,18.22854904,4,05/12/2019,0,19/12/2019,14,06/12/2019,17:09:12,1,9.133333333,on,157,17.76485294,18.22854904
2019/2020,B6/4,CP12972,2017/2018,2,02/12/2019,18.22854904,4,05/12/2019,0,19/12/2019,14,06/12/2019,17:11:49,1,9.133333333,off,319,17.76485294,18.22854904
2019/2020,B6/4,CP12972,2017/2018,2,02/12/2019,18.22854904,4,05/12/2019,0,19/12/2019,14,06/12/2019,17:17:08,1,9.133333333,on,N/A,17.76485294,18.22854904
2019/2020,BB/2,CP8272,2015/2016,4,27/10/2019,13.69233362,4,30/10/2019,0,14/11/2019,15,02/11/2019,12:34:00,3,78,off,240,13.65576801,13.69233362
2019/2020,BB/2,CP8272,2015/2016,4,27/10/2019,13.69233362,4,30/10/2019,0,14/11/2019,15,02/11/2019,12:38:00,3,78,on,1980,13.65576801,13.69233362
2019/2020,BB/2,CP8272,2015/2016,4,27/10/2019,13.69233362,4,30/10/2019,0,14/11/2019,15,02/11/2019,13:11:00,3,78,off,300,13.65576801,13.69233362
2019/2020,BB/2,CP8272,2015/2016,4,27/10/2019,13.69233362,4,30/10/2019,0,14/11/2019,15,02/11/2019,13:16:00,3,78,on,1860,13.65576801,13.69233362
2019/2020,BB/2,CP8272,2015/2016,4,27/10/2019,13.69233362,4,30/10/2019,0,14/11/2019,15,02/11/2019,13:47:00,3,78,off,300,13.65576801,13.69233362
2019/2020,BB/2,CP8272,2015/2016,4,27/10/2019,13.69233362,4,30/10/2019,0,14/11/2019,15,02/11/2019,13:52:00,3,78,on,N/A,13.65576801,13.69233362
2019/2020,BB/2,CP8272,2015/2016,4,27/10/2019,13.69233362,4,30/10/2019,0,14/11/2019,15,06/11/2019,13:13:40,8,61,off,398,16.74275963,13.69233362
2019/2020,BB/2,CP8272,2015/2016,4,27/10/2019,13.69233362,4,30/10/2019,0,14/11/2019,15,06/11/2019,13:20:18,8,61,on,372,16.74275963,13.69233362
2019/2020,BB/2,CP8272,2015/2016,4,27/10/2019,13.69233362,4,30/10/2019,0,14/11/2019,15,06/11/2019,13:26:30,8,61,off,178,16.74275963,13.69233362
2019/2020,BB/2,CP8272,2015/2016,4,27/10/2019,13.69233362,4,30/10/2019,0,14/11/2019,15,06/11/2019,13:29:28,8,61,on,720,16.74275963,13.69233362
2019/2020,BB/2,CP8272,2015/2016,4,27/10/2019,13.69233362,4,30/10/2019,0,14/11/2019,15,06/11/2019,13:41:28,8,61,off,278,16.74275963,13.69233362
2019/2020,BB/2,CP8272,2015/2016,4,27/10/2019,13.69233362,4,30/10/2019,0,14/11/2019,15,06/11/2019,13:46:06,8,61,on,1303,16.74275963,13.69233362
2019/2020,BB/2,CP8272,2015/2016,4,27/10/2019,13.69233362,4,30/10/2019,0,14/11/2019,15,06/11/2019,14:07:49,8,61,off,N/A,16.74275963,13.69233362
2019/2020,DB/4,CP11804,2016/2017,3,27/11/2019,17.28785701,5,01/12/2019,0,15/12/2019,14,01/12/2019,14:12:12,1,22,off,82,18.18570867,17.28785701
2019/2020,DB/4,CP11804,2016/2017,3,27/11/2019,17.28785701,5,01/12/2019,0,15/12/2019,14,01/12/2019,14:13:34,1,22,on,594,18.18570867,17.28785701
2019/2020,DB/4,CP11804,2016/2017,3,27/11/2019,17.28785701,5,01/12/2019,0,15/12/2019,14,01/12/2019,14:23:28,1,22,off,6,18.18570867,17.28785701
2019/2020,DB/4,CP11804,2016/2017,3,27/11/2019,17.28785701,5,01/12/2019,0,15/12/2019,14,01/12/2019,14:23:34,1,22,on,N/A,18.18570867,17.28785701
2019/2020,DB/4,CP11804,2016/2017,3,27/11/2019,17.28785701,5,01/12/2019,0,15/12/2019,14,08/12/2019,12:05:45,7,63,off,253,19.42009269,17.28785701
2019/2020,DB/4,CP11804,2016/2017,3,27/11/2019,17.28785701,5,01/12/2019,0,15/12/2019,14,08/12/2019,12:09:58,7,63,on,N/A,19.42009269,17.28785701
2019/2020,FB/1,CP8214,2015/2016,4,10/11/2019,17.61817244,4,13/11/2019,0,27/11/2019,14,14/11/2019,12:08:00,1,61,off,331,16.09596223,17.61817244
2019/2020,FB/1,CP8214,2015/2016,4,10/11/2019,17.61817244,4,13/11/2019,0,27/11/2019,14,14/11/2019,12:13:31,1,61,on,1247,16.09596223,17.61817244
2019/2020,FB/1,CP8214,2015/2016,4,10/11/2019,17.61817244,4,13/11/2019,0,27/11/2019,14,14/11/2019,12:34:18,1,61,off,213,16.09596223,17.61817244
2019/2020,FB/1,CP8214,2015/2016,4,10/11/2019,17.61817244,4,13/11/2019,0,27/11/2019,14,14/11/2019,12:37:51,1,61,on,335,16.09596223,17.61817244
2019/2020,FB/1,CP8214,2015/2016,4,10/11/2019,17.61817244,4,13/11/2019,0,27/11/2019,14,14/11/2019,12:43:26,1,61,off,194,16.09596223,17.61817244
2019/2020,FB/1,CP8214,2015/2016,4,10/11/2019,17.61817244,4,13/11/2019,0,27/11/2019,14,14/11/2019,12:46:40,1,61,on,N/A,16.09596223,17.61817244
2019/2020,FB/1,CP8214,2015/2016,4,10/11/2019,17.61817244,4,13/11/2019,0,27/11/2019,14,20/11/2019,16:48:00,7,62,off,1380,13.51665639,17.61817244
2019/2020,FB/1,CP8214,2015/2016,4,10/11/2019,17.61817244,4,13/11/2019,0,27/11/2019,14,20/11/2019,17:11:00,7,62,off,309,13.51665639,17.61817244
2019/2020,FB/1,CP8214,2015/2016,4,10/11/2019,17.61817244,4,13/11/2019,0,27/11/2019,14,20/11/2019,17:16:09,7,62,on,647,13.51665639,17.61817244
2019/2020,FB/1,CP8214,2015/2016,4,10/11/2019,17.61817244,4,13/11/2019,0,27/11/2019,14,20/11/2019,17:26:56,7,62,off,340,13.51665639,17.61817244
2019/2020,FB/1,CP8214,2015/2016,4,10/11/2019,17.61817244,4,13/11/2019,0,27/11/2019,14,20/11/2019,17:32:36,7,62,on,N/A,13.51665639,17.61817244
2019/2020,FB/1,CP8214,2015/2016,4,10/11/2019,17.61817244,4,13/11/2019,0,27/11/2019,14,26/11/2019,12:13:00,13,19,off,308,16.66493324,17.61817244
2019/2020,FB/1,CP8214,2015/2016,4,10/11/2019,17.61817244,4,13/11/2019,0,27/11/2019,14,26/11/2019,12:18:08,13,19,on,N/A,16.66493324,17.61817244
2019/2020,FB/1,CP8214,2015/2016,4,10/11/2019,17.61817244,4,13/11/2019,0,27/11/2019,14,26/11/2019,14:35:05,13,19,off,298,16.66493324,17.61817244
2019/2020,FB/1,CP8214,2015/2016,4,10/11/2019,17.61817244,4,13/11/2019,0,27/11/2019,14,26/11/2019,14:40:03,13,19,on,323,16.66493324,17.61817244
2019/2020,FB/1,CP8214,2015/2016,4,10/11/2019,17.61817244,4,13/11/2019,0,27/11/2019,14,26/11/2019,14:45:26,13,19,off,252,16.66493324,17.61817244
2019/2020,FB/1,CP8214,2015/2016,4,10/11/2019,17.61817244,4,13/11/2019,0,27/11/2019,14,26/11/2019,14:49:38,13,19,on,290,16.66493324,17.61817244
2019/2020,FB/1,CP8214,2015/2016,4,10/11/2019,17.61817244,4,13/11/2019,0,27/11/2019,14,26/11/2019,14:54:28,13,19,off,507,16.66493324,17.61817244
2019/2020,FB/1,CP8214,2015/2016,4,10/11/2019,17.61817244,4,13/11/2019,0,27/11/2019,14,26/11/2019,15:02:55,13,19,on,N/A,16.66493324,17.61817244
2019/2020,FB/4,CP13474,2018/2019,1,09/11/2019,17.76429002,4,12/11/2019,0,27/11/2019,15,13/11/2019,15:18:10,1,73,off,30,11.94487338,17.76429002
2019/2020,FB/4,CP13474,2018/2019,1,09/11/2019,17.76429002,4,12/11/2019,0,27/11/2019,15,13/11/2019,15:18:40,1,73,on,399,11.94487338,17.76429002
2019/2020,FB/4,CP13474,2018/2019,1,09/11/2019,17.76429002,4,12/11/2019,0,27/11/2019,15,13/11/2019,15:25:19,1,73,off,309,11.94487338,17.76429002
2019/2020,FB/4,CP13474,2018/2019,1,09/11/2019,17.76429002,4,12/11/2019,0,27/11/2019,15,13/11/2019,15:30:28,1,73,on,1550,11.94487338,17.76429002
2019/2020,FB/4,CP13474,2018/2019,1,09/11/2019,17.76429002,4,12/11/2019,0,27/11/2019,15,13/11/2019,15:56:18,1,73,off,52,11.94487338,17.76429002
2019/2020,FB/4,CP13474,2018/2019,1,09/11/2019,17.76429002,4,12/11/2019,0,27/11/2019,15,13/11/2019,15:57:10,1,73,on,200,11.94487338,17.76429002
2019/2020,FB/4,CP13474,2018/2019,1,09/11/2019,17.76429002,4,12/11/2019,0,27/11/2019,15,13/11/2019,16:00:30,1,73,off,222,11.94487338,17.76429002
2019/2020,FB/4,CP13474,2018/2019,1,09/11/2019,17.76429002,4,12/11/2019,0,27/11/2019,15,13/11/2019,16:04:12,1,73,on,1538,11.94487338,17.76429002
2019/2020,FB/4,CP13474,2018/2019,1,09/11/2019,17.76429002,4,12/11/2019,0,27/11/2019,15,13/11/2019,16:29:50,1,73,off,N/A,11.94487338,17.76429002
2019/2020,FB/4,CP13474,2018/2019,1,09/11/2019,17.76429002,4,12/11/2019,0,27/11/2019,15,21/11/2019,12:04:47,8,56,off,162,16.25176913,17.76429002
2019/2020,FB/4,CP13474,2018/2019,1,09/11/2019,17.76429002,4,12/11/2019,0,27/11/2019,15,21/11/2019,12:07:29,8,56,on,786,16.25176913,17.76429002
2019/2020,FB/4,CP13474,2018/2019,1,09/11/2019,17.76429002,4,12/11/2019,0,27/11/2019,15,21/11/2019,12:20:35,8,56,off,442,16.25176913,17.76429002
2019/2020,FB/4,CP13474,2018/2019,1,09/11/2019,17.76429002,4,12/11/2019,0,27/11/2019,15,21/11/2019,12:27:57,8,56,on,554,16.25176913,17.76429002
2019/2020,FB/4,CP13474,2018/2019,1,09/11/2019,17.76429002,4,12/11/2019,0,27/11/2019,15,21/11/2019,12:37:11,8,56,off,354,16.25176913,17.76429002
2019/2020,FB/4,CP13474,2018/2019,1,09/11/2019,17.76429002,4,12/11/2019,0,27/11/2019,15,21/11/2019,12:43:05,8,56,on,N/A,16.25176913,17.76429002
2019/2020,FL/2,CP8157,2014/2015,5,19/11/2019,14.97497913,4,22/11/2019,0,06/12/2019,14,23/11/2019,15:08:11,1,65,off,364,15.55377768,14.97497913
2019/2020,FL/2,CP8157,2014/2015,5,19/11/2019,14.97497913,4,22/11/2019,0,06/12/2019,14,23/11/2019,15:14:15,1,65,on,1797,15.55377768,14.97497913
2019/2020,FL/2,CP8157,2014/2015,5,19/11/2019,14.97497913,4,22/11/2019,0,06/12/2019,14,23/11/2019,15:44:12,1,65,off,N/A,15.55377768,14.97497913
2019/2020,FL/4,C94406,2013/2014,6,15/11/2019,15.96809319,5,19/11/2019,0,04/12/2019,15,19/11/2019,13:51:00,1,60,off,158,14.97497913,15.96809319
2019/2020,FL/4,C94406,2013/2014,6,15/11/2019,15.96809319,5,19/11/2019,0,04/12/2019,15,19/11/2019,13:53:38,1,60,on,364,14.97497913,15.96809319
2019/2020,FL/4,C94406,2013/2014,6,15/11/2019,15.96809319,5,19/11/2019,0,04/12/2019,15,19/11/2019,13:59:42,1,60,off,668,14.97497913,15.96809319
2019/2020,FL/4,C94406,2013/2014,6,15/11/2019,15.96809319,5,19/11/2019,0,04/12/2019,15,19/11/2019,14:10:50,1,60,off,992,14.97497913,15.96809319
2019/2020,FL/4,C94406,2013/2014,6,15/11/2019,15.96809319,5,19/11/2019,0,04/12/2019,15,19/11/2019,14:27:22,1,60,off,1008,14.97497913,15.96809319
2019/2020,FL/4,C94406,2013/2014,6,15/11/2019,15.96809319,5,19/11/2019,0,04/12/2019,15,19/11/2019,14:44:10,1,60,on,N/A,14.97497913,15.96809319
2019/2020,FL/4,C94406,2013/2014,6,15/11/2019,15.96809319,5,19/11/2019,0,04/12/2019,15,26/11/2019,12:46:00,7,27,off,360,16.66493324,15.96809319
2019/2020,FL/4,C94406,2013/2014,6,15/11/2019,15.96809319,5,19/11/2019,0,04/12/2019,15,26/11/2019,12:52:00,7,27,on,N/A,16.66493324,15.96809319
2019/2020,KB/1,C94466,2013/2014,6,23/11/2019,15.55377768,5,27/11/2019,0,11/12/2019,14,27/11/2019,17:30:15,1,36,off,310,17.28785701,15.55377768
2019/2020,KB/1,C94466,2013/2014,6,23/11/2019,15.55377768,5,27/11/2019,0,11/12/2019,14,27/11/2019,17:35:25,1,36,on,N/A,17.28785701,15.55377768
2019/2020,KB/1,C94466,2013/2014,6,23/11/2019,15.55377768,5,27/11/2019,0,11/12/2019,14,03/12/2019,12:41:26,7,83,off,372,18.24499931,15.55377768
2019/2020,KB/1,C94466,2013/2014,6,23/11/2019,15.55377768,5,27/11/2019,0,11/12/2019,14,03/12/2019,12:47:38,7,83,on,N/A,18.24499931,15.55377768
2019/2020,KB/1,C94466,2013/2014,6,23/11/2019,15.55377768,5,27/11/2019,0,11/12/2019,14,09/12/2019,09:48:20,13,63,off,330,17.95104454,15.55377768
2019/2020,KB/1,C94466,2013/2014,6,23/11/2019,15.55377768,5,27/11/2019,0,11/12/2019,14,09/12/2019,09:53:50,13,63,on,1324,17.95104454,15.55377768
2019/2020,KB/1,C94466,2013/2014,6,23/11/2019,15.55377768,5,27/11/2019,0,11/12/2019,14,09/12/2019,10:15:54,13,63,on,N/A,17.95104454,15.55377768
2019/2020,LHV/2,CP12905,2017/2018,2,03/12/2019,18.24499931,4,06/12/2019,0,20/12/2019,14,07/12/2019,15:30:54,1,60,off,507,18.18735825,18.24499931
2019/2020,LHV/2,CP12905,2017/2018,2,03/12/2019,18.24499931,4,06/12/2019,0,20/12/2019,14,07/12/2019,15:39:21,1,60,on,N/A,18.18735825,18.24499931
2019/2020,LHV/4,CP13084,2018/2019,1,15/11/2019,15.96809319,4,19/11/2019,1,04/12/2019,15,20/11/2019,13:46:21,1,58,off,426,13.51665639,15.96809319
2019/2020,LHV/4,CP13084,2018/2019,1,15/11/2019,15.96809319,4,19/11/2019,1,04/12/2019,15,20/11/2019,13:53:27,1,58,on,349,13.51665639,15.96809319
2019/2020,LHV/4,CP13084,2018/2019,1,15/11/2019,15.96809319,4,19/11/2019,1,04/12/2019,15,20/11/2019,13:59:16,1,58,off,326,13.51665639,15.96809319
2019/2020,LHV/4,CP13084,2018/2019,1,15/11/2019,15.96809319,4,19/11/2019,1,04/12/2019,15,20/11/2019,14:04:42,1,58,on,N/A,13.51665639,15.96809319
2019/2020,LHV/4,CP13084,2018/2019,1,15/11/2019,15.96809319,4,19/11/2019,1,04/12/2019,15,02/12/2019,10:35:07,13,65,on,234,18.22854904,15.96809319
2019/2020,LHV/4,CP13084,2018/2019,1,15/11/2019,15.96809319,4,19/11/2019,1,04/12/2019,15,02/12/2019,10:39:01,13,65,off,508,18.22854904,15.96809319
2019/2020,LHV/4,CP13084,2018/2019,1,15/11/2019,15.96809319,4,19/11/2019,1,04/12/2019,15,02/12/2019,10:47:29,13,65,on,782,18.22854904,15.96809319
2019/2020,LHV/4,CP13084,2018/2019,1,15/11/2019,15.96809319,4,19/11/2019,1,04/12/2019,15,02/12/2019,11:00:31,13,65,on,755,18.22854904,15.96809319
2019/2020,LHV/4,CP13084,2018/2019,1,15/11/2019,15.96809319,4,19/11/2019,1,04/12/2019,15,02/12/2019,11:13:06,13,65,off,N/A,18.22854904,15.96809319
2019/2020,SC/4,CP13047,2018/2019,1,20/11/2019,13.51665639,4,23/11/2019,0,08/12/2019,15,24/11/2019,14:59:20,1,17,off,326,16.77855774,13.51665639
2019/2020,SC/4,CP13047,2018/2019,1,20/11/2019,13.51665639,4,23/11/2019,0,08/12/2019,15,24/11/2019,15:04:46,1,17,on,14,16.77855774,13.51665639
2019/2020,SC/4,CP13047,2018/2019,1,20/11/2019,13.51665639,4,23/11/2019,0,08/12/2019,15,24/11/2019,15:05:00,1,17,off,N/A,16.77855774,13.51665639
2019/2020,SC/4,CP13047,2018/2019,1,20/11/2019,13.51665639,4,23/11/2019,0,08/12/2019,15,05/12/2019,14:49:02,13,63,off,92,17.28930305,13.51665639
2019/2020,SC/4,CP13047,2018/2019,1,20/11/2019,13.51665639,4,23/11/2019,0,08/12/2019,15,05/12/2019,14:50:34,13,63,on,127,17.28930305,13.51665639
2019/2020,SC/4,CP13047,2018/2019,1,20/11/2019,13.51665639,4,23/11/2019,0,08/12/2019,15,05/12/2019,14:52:41,13,63,off,308,17.28930305,13.51665639
2019/2020,SC/4,CP13047,2018/2019,1,20/11/2019,13.51665639,4,23/11/2019,0,08/12/2019,15,05/12/2019,14:57:49,13,63,on,245,17.28930305,13.51665639
2019/2020,SC/4,CP13047,2018/2019,1,20/11/2019,13.51665639,4,23/11/2019,0,08/12/2019,15,05/12/2019,15:01:54,13,63,off,1547,17.28930305,13.51665639
2019/2020,SC/4,CP13047,2018/2019,1,20/11/2019,13.51665639,4,23/11/2019,0,08/12/2019,15,05/12/2019,15:27:41,13,63,on,589,17.28930305,13.51665639
2019/2020,SC/4,CP13047,2018/2019,1,20/11/2019,13.51665639,4,23/11/2019,0,08/12/2019,15,05/12/2019,15:37:30,13,63,on,N/A,17.28930305,13.51665639
2019/2020,SD/3,CP8238,2015/2016,4,10/11/2019,17.61817244,5,14/11/2019,0,28/11/2019,14,14/11/2019,16:39:39,1,60,off,690,16.09596223,17.61817244
2019/2020,SD/3,CP8238,2015/2016,4,10/11/2019,17.61817244,5,14/11/2019,0,28/11/2019,14,14/11/2019,16:51:09,1,60,on,1372,16.09596223,17.61817244
2019/2020,SD/3,CP8238,2015/2016,4,10/11/2019,17.61817244,5,14/11/2019,0,28/11/2019,14,14/11/2019,17:14:01,1,60,off,N/A,16.09596223,17.61817244
2019/2020,SD/3,CP8238,2015/2016,4,10/11/2019,17.61817244,5,14/11/2019,0,28/11/2019,14,21/11/2019,13:43:35,7,0,off,385,16.25176913,17.61817244
2019/2020,SD/3,CP8238,2015/2016,4,10/11/2019,17.61817244,5,14/11/2019,0,28/11/2019,14,21/11/2019,13:50:00,7,0,on,886,16.25176913,17.61817244
2019/2020,SD/3,CP8238,2015/2016,4,10/11/2019,17.61817244,5,14/11/2019,0,28/11/2019,14,21/11/2019,14:04:46,7,0,off,395,16.25176913,17.61817244
2019/2020,SD/3,CP8238,2015/2016,4,10/11/2019,17.61817244,5,14/11/2019,0,28/11/2019,14,21/11/2019,14:11:21,7,0,on,N/A,16.25176913,17.61817244
2019/2020,SD/3,CP8238,2015/2016,4,10/11/2019,17.61817244,5,14/11/2019,0,28/11/2019,14,27/11/2019,09:43:57,13,57,off,159,17.28785701,17.61817244
2019/2020,SD/3,CP8238,2015/2016,4,10/11/2019,17.61817244,5,14/11/2019,0,28/11/2019,14,27/11/2019,09:46:36,13,57,on,997,17.28785701,17.61817244
2019/2020,SD/3,CP8238,2015/2016,4,10/11/2019,17.61817244,5,14/11/2019,0,28/11/2019,14,27/11/2019,10:03:13,13,57,off,488,17.28785701,17.61817244
2019/2020,SD/3,CP8238,2015/2016,4,10/11/2019,17.61817244,5,14/11/2019,0,28/11/2019,14,27/11/2019,10:11:21,13,57,on,249,17.28785701,17.61817244
2019/2020,SD/3,CP8238,2015/2016,4,10/11/2019,17.61817244,5,14/11/2019,0,28/11/2019,14,27/11/2019,10:15:30,13,57,off,288,17.28785701,17.61817244
2019/2020,SD/3,CP8238,2015/2016,4,10/11/2019,17.61817244,5,14/11/2019,0,28/11/2019,14,27/11/2019,10:20:18,13,57,on,N/A,17.28785701,17.61817244
2019/2020,SD/5,CP11820,2016/2017,3,31/10/2019,13.45139398,4,03/11/2019,0,17/11/2019,14,10/11/2019,13:33:18,7,60,off,416,17.61817244,13.45139398
2019/2020,SD/5,CP11820,2016/2017,3,31/10/2019,13.45139398,4,03/11/2019,0,17/11/2019,14,10/11/2019,13:40:14,7,60,on,1695,17.61817244,13.45139398
2019/2020,SD/5,CP11820,2016/2017,3,31/10/2019,13.45139398,4,03/11/2019,0,17/11/2019,14,10/11/2019,14:08:29,7,60,off,399,17.61817244,13.45139398
2019/2020,SD/5,CP11820,2016/2017,3,31/10/2019,13.45139398,4,03/11/2019,0,17/11/2019,14,10/11/2019,14:15:08,7,60,on,N/A,17.61817244,13.45139398
2019/2020,SV/2,CP13016,2017/2018,2,03/11/2019,14.41943133,4,06/11/2019,0,20/11/2019,14,07/11/2019,15:22:00,2,65.36666667,on,N/A,17.67597239,14.41943133
2019/2020,SV/2,CP13016,2017/2018,2,03/11/2019,14.41943133,4,06/11/2019,0,20/11/2019,14,07/11/2019,15:26:20,2,65.36666667,off,1000,17.67597239,14.41943133
2019/2020,SV/2,CP13016,2017/2018,2,03/11/2019,14.41943133,4,06/11/2019,0,20/11/2019,14,07/11/2019,15:43:00,2,65.36666667,on,2163,17.67597239,14.41943133
2019/2020,SV/2,CP13016,2017/2018,2,03/11/2019,14.41943133,4,06/11/2019,0,20/11/2019,14,07/11/2019,16:19:03,2,65.36666667,off,44,17.67597239,14.41943133
2019/2020,SV/2,CP13016,2017/2018,2,03/11/2019,14.41943133,4,06/11/2019,0,20/11/2019,14,07/11/2019,16:19:47,2,65.36666667,on,455,17.67597239,14.41943133
2019/2020,SV/2,CP13016,2017/2018,2,03/11/2019,14.41943133,4,06/11/2019,0,20/11/2019,14,07/11/2019,16:27:22,2,65.36666667,off,N/A,17.67597239,14.41943133
2019/2020,SV/2,CP13016,2017/2018,2,03/11/2019,14.41943133,4,06/11/2019,0,20/11/2019,14,07/11/2019,15:26:20,1,61,off,1000,17.67597239,14.41943133
2019/2020,SV/2,CP13016,2017/2018,2,03/11/2019,14.41943133,4,06/11/2019,0,20/11/2019,14,07/11/2019,15:43:00,1,61,on,2163,17.67597239,14.41943133
2019/2020,SV/2,CP13016,2017/2018,2,03/11/2019,14.41943133,4,06/11/2019,0,20/11/2019,14,07/11/2019,16:19:03,1,61,off,44,17.67597239,14.41943133
2019/2020,SV/2,CP13016,2017/2018,2,03/11/2019,14.41943133,4,06/11/2019,0,20/11/2019,14,07/11/2019,16:19:47,1,61,on,2413,17.67597239,14.41943133
2019/2020,SV/2,CP13016,2017/2018,2,03/11/2019,14.41943133,4,06/11/2019,0,20/11/2019,14,13/11/2019,08:40:22,7,63,off,276,11.94487338,14.41943133
2019/2020,SV/2,CP13016,2017/2018,2,03/11/2019,14.41943133,4,06/11/2019,0,20/11/2019,14,13/11/2019,08:44:58,7,63,on,912,11.94487338,14.41943133
2019/2020,SV/2,CP13016,2017/2018,2,03/11/2019,14.41943133,4,06/11/2019,0,20/11/2019,14,13/11/2019,09:00:10,7,63,off,65,11.94487338,14.41943133
2019/2020,SV/2,CP13016,2017/2018,2,03/11/2019,14.41943133,4,06/11/2019,0,20/11/2019,14,13/11/2019,09:01:15,7,63,on,138,11.94487338,14.41943133
2019/2020,SV/2,CP13016,2017/2018,2,03/11/2019,14.41943133,4,06/11/2019,0,20/11/2019,14,13/11/2019,09:03:33,7,63,off,401,11.94487338,14.41943133
2019/2020,SV/2,CP13016,2017/2018,2,03/11/2019,14.41943133,4,06/11/2019,0,20/11/2019,14,13/11/2019,09:10:14,7,63,on,N/A,11.94487338,14.41943133
2019/2020,SV/2,CP13016,2017/2018,2,03/11/2019,14.41943133,4,06/11/2019,0,20/11/2019,14,19/11/2019,10:59:10,13,68,off,181,14.97497913,14.41943133
2019/2020,SV/2,CP13016,2017/2018,2,03/11/2019,14.41943133,4,06/11/2019,0,20/11/2019,14,19/11/2019,11:02:11,13,68,on,289,14.97497913,14.41943133
2019/2020,SV/2,CP13016,2017/2018,2,03/11/2019,14.41943133,4,06/11/2019,0,20/11/2019,14,19/11/2019,11:07:00,13,68,off,507,14.97497913,14.41943133
2019/2020,SV/2,CP13016,2017/2018,2,03/11/2019,14.41943133,4,06/11/2019,0,20/11/2019,14,19/11/2019,11:15:27,13,68,on,N/A,14.97497913,14.41943133
2019/2020,WR/1,CP8270,2015/2016,4,05/11/2019,16.12916613,5,09/11/2019,0,23/11/2019,14,09/11/2019,13:20:19,1,60,off,772,17.76429002,16.12916613
2019/2020,WR/1,CP8270,2015/2016,4,05/11/2019,16.12916613,5,09/11/2019,0,23/11/2019,14,09/11/2019,13:33:11,1,60,off,237,17.76429002,16.12916613
2019/2020,WR/1,CP8270,2015/2016,4,05/11/2019,16.12916613,5,09/11/2019,0,23/11/2019,14,09/11/2019,13:37:08,1,60,on,543,17.76429002,16.12916613
2019/2020,WR/1,CP8270,2015/2016,4,05/11/2019,16.12916613,5,09/11/2019,0,23/11/2019,14,09/11/2019,13:46:11,1,60,off,199,17.76429002,16.12916613
2019/2020,WR/1,CP8270,2015/2016,4,05/11/2019,16.12916613,5,09/11/2019,0,23/11/2019,14,09/11/2019,13:49:30,1,60,on,759,17.76429002,16.12916613
2019/2020,WR/1,CP8270,2015/2016,4,05/11/2019,16.12916613,5,09/11/2019,0,23/11/2019,14,09/11/2019,14:02:09,1,60,off,485,17.76429002,16.12916613
2019/2020,WR/1,CP8270,2015/2016,4,05/11/2019,16.12916613,5,09/11/2019,0,23/11/2019,14,09/11/2019,14:10:14,1,60,on,N/A,17.76429002,16.12916613
2019/2020,WV/11,CP5099,2013/2014,6,17/11/2019,15.76832268,4,21/11/2019,1,N/A,N/A,22/11/2019,14:49:40,1,60,off,1119,14.40416606,15.76832268
2019/2020,WV/11,CP5099,2013/2014,6,17/11/2019,15.76832268,4,21/11/2019,1,N/A,N/A,22/11/2019,15:08:19,1,60,off,146,14.40416606,15.76832268
2019/2020,WV/11,CP5099,2013/2014,6,17/11/2019,15.76832268,4,21/11/2019,1,N/A,N/A,22/11/2019,15:10:45,1,60,on,185,14.40416606,15.76832268
2019/2020,WV/11,CP5099,2013/2014,6,17/11/2019,15.76832268,4,21/11/2019,1,N/A,N/A,22/11/2019,15:13:50,1,60,off,351,14.40416606,15.76832268
2019/2020,WV/11,CP5099,2013/2014,6,17/11/2019,15.76832268,4,21/11/2019,1,N/A,N/A,22/11/2019,15:19:41,1,60,on,N/A,14.40416606,15.76832268
