Breeding_season,Nest,Female_ID,Female_age,Clutch_size,Laying_gap,Day_of_inc,First_egg_lay_date,Inc_start_date,Obs_date,Obs_start_time,Obs_Av_daily_temp_celcius,Inc_period_length_days,Total_on_bout_duration,Total_on_bout_duration_seconds,Total_off_bout_duration,Total_obs_length_minutes,Total_obs_length_seconds,On_bout_proportion
2019/2020,AB/3,CP13045,1,4,0,7,10/11/2019,13/11/2019,20/11/2019,10:24:44,13.51665639,16,00:14:56,896,00:05:17,63,3780,0.237037037
2019/2020,AB/3,CP13045,1,4,0,14,10/11/2019,13/11/2019,27/11/2019,08:03:40,17.28785701,16,00:58:11,3491,01:25:27,81.01666667,4861,0.718164987
2019/2020,B1/11,CP11845,3,4,1,1,05/11/2019,09/11/2019,10/11/2019,15:01:26,17.61817244,14,00:45:30,2730,00:14:30,69,4140,0.65942029
2019/2020,B1/11,CP11845,3,4,1,7,05/11/2019,09/11/2019,18/11/2019,12:23:32,16.81427965,14,00:05:04,304,00:34:22,60,3600,0.084444444
2019/2020,B1/11,CP11845,3,4,1,13,05/11/2019,09/11/2019,22/11/2019,11:21:06,14.40416606,14,00:08:51,531,00:52:59,65,3900,0.136153846
2019/2020,B1/13B,CP13077,1,4,0,2,01/11/2019,04/11/2019,04/11/2019,13:55:00,15.4,15,00:08:08,488,00:05:42,24.46666667,1468,0.332425068
2019/2020,B1/13B,CP13077,1,4,0,3,01/11/2019,04/11/2019,05/11/2019,13:56:20,16.12916613,15,00:14:35,875,00:18:41,113.8333333,6830,0.128111274
2019/2020,B1/13B,CP13077,1,4,0,13,01/11/2019,04/11/2019,17/11/2019,13:29:00,15.76832268,15,00:08:58,538,00:21:22,160.4166667,9625,0.055896104
2019/2020,B1/19,CP12997,2,4,1,13,09/11/2019,13/11/2019,26/11/2019,11:31:14,16.66493324,14,00:00:00,0,00:05:59,65,3900,0
2019/2020,B1/2,CP13553,1,4,0,1,21/11/2019,24/11/2019,25/11/2019,13:01:00,16.72542974,15,00:15:44,944,00:14:33,67.28333333,4037,0.233837008
2019/2020,B1/2,CP13553,1,4,0,13,21/11/2019,24/11/2019,06/12/2019,14:11:00,17.76485294,15,00:31:42,1902,01:01:39,60,3600,0.528333333
2019/2020,B1/24,CP13020,2,3,0,1,03/12/2019,05/12/2019,06/12/2019,15:43:16,17.76485294,15,00:37:31,2251,00:05:49,77,4620,0.487229437
2019/2020,B1/26,CP9222,4,4,0,3,27/10/2019,30/10/2019,02/11/2019,13:14:00,13.65576801,N/A,00:31:20,1880,00:12:46,99,5940,0.316498316
2019/2020,B1/27B,CP8115,5,4,0,1,03/11/2019,06/11/2019,07/11/2019,16:59:00,17.67597239,15,00:00:00,0,00:21:00,47.85,2871,0
2019/2020,B1/27B,CP8115,5,4,0,2,03/11/2019,06/11/2019,07/11/2019,16:59:00,17.67597239,15,00:18:40,1120,01:07:20,47.85,2871,0.390107976
2019/2020,B1/27B,CP8115,5,4,0,7,03/11/2019,06/11/2019,13/11/2019,17:25:52,11.94487338,15,01:04:17,3857,00:07:02,65,3900,0.988974359
2019/2020,B1/27B,CP8115,5,4,0,13,03/11/2019,06/11/2019,19/11/2019,11:41:31,14.97497913,15,00:24:03,1443,00:02:36,60,3600,0.400833333
2019/2020,B1/28,CP13510,1,3,0,1,23/11/2019,25/11/2019,27/11/2019,15:35:40,17.28785701,15,00:04:33,273,00:05:49,62,3720,0.073387097
2019/2020,B1/28,CP13510,1,3,0,7,23/11/2019,25/11/2019,01/12/2019,14:49:37,18.18570867,15,00:05:09,309,00:33:47,65,3900,0.079230769
2019/2020,B1/28,CP13510,1,3,0,13,23/11/2019,25/11/2019,07/12/2019,11:18:08,18.18735825,15,00:04:48,288,00:04:09,60,3600,0.08
2019/2020,B1/9,CP13444,1,4,0,2,01/11/2019,04/11/2019,05/11/2019,14:35:00,16.12916613,15,00:41:48,2508,01:15:17,66,3960,0.633333333
2019/2020,B1/9,CP13444,1,4,0,13,01/11/2019,04/11/2019,17/11/2019,16:42:40,15.76832268,15,01:45:38,6338,00:23:01,58,3480,1.821264368
2019/2020,B2/11,CP13502,1,4,0,1,08/11/2019,11/11/2019,12/11/2019,13:07:01,14.34224529,15,00:06:56,416,00:12:38,64,3840,0.108333333
2019/2020,B2/11,CP13502,1,4,0,7,08/11/2019,11/11/2019,18/11/2019,13:19:15,16.81427965,15,00:14:58,898,00:08:01,55,3300,0.272121212
2019/2020,B2/11,CP13502,1,4,0,13,08/11/2019,11/11/2019,24/11/2019,10:21:40,16.77855774,15,00:12:10,730,00:19:52,59,3540,0.206214689
2019/2020,B2/14,CP11840,3,3,0,2,07/11/2019,10/11/2019,12/11/2019,11:55:36,14.34224529,16,00:24:41,1481,00:11:12,45.38333333,2723,0.543885421
2019/2020,B2/14,CP11840,3,3,0,13,07/11/2019,10/11/2019,23/11/2019,13:22:57,15.55377768,16,00:08:06,486,00:08:09,73,4380,0.110958904
2019/2020,B2/15,CP12933,2,4,0,1,03/12/2019,06/12/2019,07/12/2019,13:38:14,18.18735825,14,00:17:24,1044,00:43:38,62,3720,0.280645161
2019/2020,B2/8,CP13487,1,4,1,1,22/11/2019,26/11/2019,27/11/2019,12:44:13,17.28785701,N/A,01:33:14,5594,00:20:00,62,3720,1.503763441
2019/2020,B2/9,CP13419,1,3,0,13,12/11/2019,14/11/2019,27/11/2019,12:24:38,17.28785701,14,00:05:00,300,00:00:00,22,1320,0.227272727
2019/2020,B21/11,CP13498,1,3,0,13,10/11/2019,12/11/2019,25/11/2019,10:08:00,16.72542974,15,00:06:03,363,00:10:20,62,3720,0.097580645
2019/2020,B21/14,CP13068,1,4,0,1,05/12/2019,08/12/2019,09/12/2019,14:14:20,17.95104454,15,00:21:44,1304,00:08:17,60,3600,0.362222222
2019/2020,B21/2,CP8110,5,4,0,1,03/11/2019,06/11/2019,07/11/2019,12:14:00,17.67597239,14,00:37:02,2222,00:23:27,148.8,8928,0.248879928
2019/2020,B21/2,CP8110,5,4,0,7,03/11/2019,06/11/2019,13/11/2019,14:16:52,11.94487338,14,00:18:21,1101,00:44:05,62.43333333,3746,0.293913508
2019/2020,B21/4,CP13061,1,3,0,1,10/11/2019,12/11/2019,14/11/2019,15:25:38,16.09596223,15,00:05:58,358,00:16:21,34.36666667,2062,0.173617847
2019/2020,B21/4,CP13061,1,3,0,13,10/11/2019,12/11/2019,25/11/2019,11:15:07,16.72542974,15,01:13:37,4417,00:58:33,79,4740,0.93185654
2019/2020,B22/1A,CP13554,1,4,0,1,20/11/2019,23/11/2019,24/11/2019,13:31:00,16.77855774,14,00:09:39,579,00:44:11,61,3660,0.158196721
2019/2020,B22/1A,CP13554,1,4,0,13,20/11/2019,23/11/2019,05/12/2019,11:12:50,17.28930305,14,00:14:18,858,00:05:23,67,4020,0.213432836
2019/2020,B22/2,CP13521,1,4,0,7,24/11/2019,06/11/2019,04/12/2019,12:25:37,18.05990033,N/A,00:49:13,2953,00:26:35,150.9666667,9058,0.326010157
2019/2020,B22/21,CP13055,1,1,0,7,06/11/2019,06/11/2019,13/11/2019,12:55:53,11.94487338,N/A,00:18:39,1119,00:26:07,62,3720,0.300806452
2019/2020,B22/23,CP12980,2,5,0,1,02/12/2019,06/12/2019,06/12/2019,12:21:28,17.76485294,14,00:02:38,158,00:06:04,73,4380,0.036073059
2019/2020,B22/25,CP13437,1,4,0,1,02/11/2019,05/11/2019,07/11/2019,13:47:00,17.67597239,15,00:13:53,833,00:29:02,63,3780,0.22037037
2019/2020,B22/25,CP13437,1,4,0,3,02/11/2019,05/11/2019,07/11/2019,13:47:00,17.67597239,15,00:46:20,2780,00:13:40,60,3600,0.772222222
2019/2020,B22/28,CP12941,2,4,0,1,03/12/2019,06/12/2019,07/12/2019,12:15:55,18.18735825,14,00:11:30,690,00:22:52,70,4200,0.164285714
2019/2020,B22/30,CP9214,4,4,0,2,01/11/2019,04/11/2019,05/11/2019,12:33:00,16.12916613,14,00:17:49,1069,00:28:38,60,3600,0.296944444
2019/2020,B22/30,CP9214,4,4,0,8,01/11/2019,04/11/2019,12/11/2019,10:06:59,14.34224529,14,00:15:34,934,00:23:30,93,5580,0.167383513
2019/2020,B22/30,CP9214,4,4,0,13,01/11/2019,04/11/2019,18/11/2019,14:23:12,16.81427965,14,00:00:00,0,01:37:48,57,3420,0
2019/2020,B22/37,CP13445,1,4,1,7,11/11/2019,15/11/2019,22/11/2019,09:47:52,14.40416606,14,00:07:36,456,00:39:55,65,3900,0.116923077
2019/2020,B22/37,CP13445,1,4,1,13,11/11/2019,15/11/2019,28/11/2019,09:32:03,18.11960264,14,00:00:00,0,00:03:11,140,8400,0
2019/2020,B22/4,CP13527,1,4,0,1,24/11/2019,27/11/2019,28/11/2019,11:46:38,18.11960264,14,00:07:17,437,00:26:22,60,3600,0.121388889
2019/2020,B22/4,CP13527,1,4,0,7,24/11/2019,27/11/2019,04/12/2019,11:05:03,18.05990033,14,00:13:16,796,00:22:20,82,4920,0.161788618
2019/2020,B22/9,CP13003,2,3,N/A,1,05/12/2019,07/12/2019,09/12/2019,12:37:21,17.95104454,15,00:47:29,2849,00:35:18,67,4020,0.708706468
2019/2020,B23/7,CP9232,4,4,0,2,29/11/2019,02/12/2019,04/12/2019,13:59:28,18.05990033,15,00:03:42,222,00:31:42,85,5100,0.043529412
2019/2020,B23/7,CP9232,4,4,0,7,29/11/2019,02/12/2019,09/12/2019,11:36:22,17.95104454,15,00:06:41,401,00:02:18,73,4380,0.091552511
2019/2020,B23/8,CP11802,3,4,0,1,04/11/2019,07/11/2019,08/11/2019,13:29:00,16.73678583,15,00:42:11,2531,01:41:53,149.4333333,8966,0.282288646
2019/2020,B23/8,CP11802,3,4,0,2,04/11/2019,07/11/2019,08/11/2019,13:29:00,16.73678583,15,01:46:40,6400,00:33:19,149.4333333,8966,0.713807718
2019/2020,B23/8,CP11802,3,4,0,7,04/11/2019,07/11/2019,14/11/2019,10:32:41,16.09596223,15,00:38:15,2295,00:23:43,59,3540,0.648305085
2019/2020,B23/8,CP11802,3,4,0,13,04/11/2019,07/11/2019,20/11/2019,12:38:00,13.51665639,15,00:00:00,0,00:10:32,70,4200,0
2019/2020,B3/1,CP12981,2,4,0,7,11/11/2019,14/11/2019,21/11/2019,15:01:35,16.25176913,15,00:33:23,2003,00:09:09,42.53333333,2552,0.784874608
2019/2020,B3/1,CP12981,2,4,0,13,11/11/2019,14/11/2019,27/11/2019,11:01:32,17.28785701,15,00:20:42,1242,00:21:46,61,3660,0.339344262
2019/2020,B3/10,CP11865,3,3,1,1,01/11/2019,04/11/2019,06/11/2019,16:08:00,16.74275963,15,00:16:13,973,00:18:07,64,3840,0.253385417
2019/2020,B3/10,CP11865,3,3,1,7,01/11/2019,04/11/2019,11/11/2019,11:03:28,15.46997091,15,00:08:43,523,00:14:37,60.55,3633,0.143958161
2019/2020,B3/10,CP11865,3,3,1,13,01/11/2019,04/11/2019,17/11/2019,14:24:00,15.76832268,15,00:00:00,0,00:05:00,11,660,0
2019/2020,B4/1,CP8183,5,4,0,13,05/11/2019,08/11/2019,21/11/2019,16:36:03,16.25176913,14,00:08:42,522,00:10:48,61,3660,0.142622951
2019/2020,B4/5,CP13417,1,4,0,1,21/11/2019,25/11/2019,26/11/2019,13:45:57,16.66493324,14,00:00:00,0,00:04:34,33.51666667,2011,0
2019/2020,B6/2,CP9223,4,4,0,3,28/10/2019,31/10/2019,02/11/2019,12:32:00,13.65576801,14,00:14:14,854,00:15:49,70.8,4248,0.201035782
2019/2020,B6/2,CP9223,4,4,0,7,28/10/2019,31/10/2019,07/11/2019,11:06:40,17.67597239,14,00:37:29,2249,00:43:00,64,3840,0.585677083
2019/2020,B6/2,CP9223,4,4,0,13,28/10/2019,31/10/2019,13/11/2019,10:40:00,11.94487338,14,00:07:17,437,00:10:23,59.91666667,3595,0.121557719
2019/2020,B6/4,CP12972,2,4,0,1,02/12/2019,05/12/2019,06/12/2019,17:09:12,17.76485294,14,00:00:00,0,00:05:26,9.133333333,548,0
2019/2020,BB/2,CP8272,4,4,0,3,27/10/2019,30/10/2019,02/11/2019,12:34:00,13.65576801,15,00:38:41,2321,00:13:14,78,4680,0.495940171
2019/2020,BB/2,CP8272,4,4,0,8,27/10/2019,30/10/2019,06/11/2019,13:13:40,16.74275963,15,00:18:04,1084,00:26:53,61,3660,0.296174863
2019/2020,DB/4,CP11804,3,5,0,1,27/11/2019,01/12/2019,01/12/2019,14:12:12,18.18570867,14,00:25:50,1550,00:06:01,22,1320,1.174242424
2019/2020,DB/4,CP11804,3,5,0,7,27/11/2019,01/12/2019,08/12/2019,12:05:45,19.42009269,14,00:00:00,0,00:04:13,63,3780,0
2019/2020,FB/1,CP8214,4,4,0,1,10/11/2019,13/11/2019,14/11/2019,12:08:00,16.09596223,14,00:11:52,712,00:32:30,61,3660,0.194535519
2019/2020,FB/1,CP8214,4,4,0,7,10/11/2019,13/11/2019,20/11/2019,16:48:00,13.51665639,14,00:05:15,315,00:17:31,62,3720,0.084677419
2019/2020,FB/1,CP8214,4,4,0,13,10/11/2019,13/11/2019,26/11/2019,12:13:00,16.66493324,14,00:04:22,262,00:13:51,19,1140,0.229824561
2019/2020,FB/4,CP13474,1,4,0,1,09/11/2019,12/11/2019,13/11/2019,15:18:10,11.94487338,15,01:11:49,4309,00:26:06,73,4380,0.983789954
2019/2020,FB/4,CP13474,1,4,0,8,09/11/2019,12/11/2019,21/11/2019,12:04:47,16.25176913,15,00:09:48,588,00:28:46,56,3360,0.175
2019/2020,FL/2,CP8157,5,4,0,1,19/11/2019,22/11/2019,23/11/2019,15:08:11,15.55377768,14,00:12:41,761,00:01:55,65,3900,0.195128205
2019/2020,FL/4,C94406,6,5,0,1,15/11/2019,19/11/2019,19/11/2019,13:51:00,14.97497913,15,00:05:10,310,00:27:27,60,3600,0.086111111
2019/2020,FL/4,C94406,6,5,0,7,15/11/2019,19/11/2019,26/11/2019,12:46:00,16.66493324,15,00:00:00,0,00:06:00,27,1620,0
2019/2020,KB/1,C94466,6,5,0,1,23/11/2019,27/11/2019,27/11/2019,17:30:15,17.28785701,14,00:00:00,0,00:05:10,36,2160,0
2019/2020,KB/1,C94466,6,5,0,7,23/11/2019,27/11/2019,03/12/2019,12:41:26,18.24499931,14,00:00:00,0,00:06:12,83,4980,0
2019/2020,KB/1,C94466,6,5,0,13,23/11/2019,27/11/2019,09/12/2019,09:48:20,17.95104454,14,00:08:27,507,00:04:49,63,3780,0.134126984
2019/2020,LHV/2,CP12905,2,4,0,1,03/12/2019,06/12/2019,07/12/2019,15:30:54,18.18735825,14,00:00:00,0,00:08:27,60,3600,0
2019/2020,LHV/4,CP13084,1,4,1,1,15/11/2019,19/11/2019,20/11/2019,13:46:21,13.51665639,15,00:04:52,292,00:26:29,58,3480,0.083908046
2019/2020,LHV/4,CP13084,1,4,1,13,15/11/2019,19/11/2019,02/12/2019,10:35:07,18.22854904,15,00:55:45,3345,00:00:00,65,3900,0.857692308
2019/2020,SC/4,CP13047,1,4,0,1,20/11/2019,23/11/2019,24/11/2019,14:59:20,16.77855774,15,00:21:33,1293,00:00:00,17,1020,1.267647059
2019/2020,SC/4,CP13047,1,4,0,13,20/11/2019,23/11/2019,05/12/2019,14:49:02,17.28930305,15,00:25:58,1558,00:13:57,63,3780,0.412169312
2019/2020,SD/3,CP8238,4,5,0,1,10/11/2019,14/11/2019,14/11/2019,16:39:39,16.09596223,14,00:01:55,115,00:02:07,60,3600,0.031944444
2019/2020,SD/3,CP8238,4,5,0,7,10/11/2019,14/11/2019,21/11/2019,13:43:35,16.25176913,14,00:04:39,279,00:10:44,15.38333333,923,0.30227519
2019/2020,SD/3,CP8238,4,5,0,13,10/11/2019,14/11/2019,27/11/2019,09:43:57,17.28785701,14,01:40:59,6059,00:00:00,57,3420,1.771637427
2019/2020,SD/5,CP11820,3,4,0,7,31/10/2019,03/11/2019,10/11/2019,13:33:18,17.61817244,14,00:02:35,155,00:01:20,60,3600,0.043055556
2019/2020,SV/2,CP13016,2,4,0,1,03/11/2019,06/11/2019,07/11/2019,15:22:00,17.67597239,14,00:05:09,309,00:33:34,61,3660,0.08442623
2019/2020,SV/2,CP13016,2,4,0,2,03/11/2019,06/11/2019,07/11/2019,15:22:00,17.67597239,14,00:35:00,2100,00:11:00,65.36666667,3922,0.535441101
2019/2020,SV/2,CP13016,2,4,0,7,03/11/2019,06/11/2019,13/11/2019,08:40:22,11.94487338,14,00:11:16,676,00:13:42,63,3780,0.178835979
2019/2020,SV/2,CP13016,2,4,0,13,03/11/2019,06/11/2019,19/11/2019,10:59:10,14.97497913,14,00:22:01,1321,00:15:34,68,4080,0.32377451
2019/2020,WR/1,CP8270,4,5,0,1,05/11/2019,09/11/2019,09/11/2019,13:20:19,17.76429002,14,00:18:44,1124,00:29:00,60,3600,0.312222222
2019/2020,WV/11,CP5099,6,4,1,1,17/11/2019,21/11/2019,22/11/2019,14:49:40,14.40416606,N/A,00:11:18,678,00:17:38,60,3600,0.188333333
